# Blender 5.2.0 LTS
# www.blender.org
mtllib bep.mtl
o Cube
v -6.378821 2.777318 -35.025158
v -6.983576 3.904015 -35.146896
v -6.564645 2.960844 -36.944828
v -6.185172 3.924035 -37.244659
v -4.864230 2.960844 -35.073223
v -4.711051 3.792795 -35.092731
v -4.789619 2.832569 -37.003201
v -4.838260 4.064562 -37.229317
vn -0.9782 -0.1369 -0.1561
vn -0.0125 -0.2312 -0.9728
vn 0.9985 -0.0523 -0.0148
vn -0.0030 0.0712 0.9975
vn 0.0163 -0.9998 -0.0148
vn -0.0094 0.9977 0.0673
vt -0.452562 -0.229496
vt -0.344172 1.085989
vt 1.523627 1.109364
vt 1.256665 -0.015220
vt -0.382232 -0.015220
vt -0.010344 1.109364
vt 1.309652 1.273437
vt 1.357320 -0.164988
vt 1.308638 -0.164988
vt 1.509968 1.273437
vt -0.392396 0.956134
vt -0.409768 -0.015220
vt 1.284200 -0.015220
vt 1.434318 0.956134
vt -0.792792 1.085989
vt -0.200123 -0.229496
vt -0.382232 1.256665
vt 1.357320 1.308638
vt 1.284200 -0.409768
vt -0.200123 -0.452562
vt 1.309652 1.509968
vt -0.010344 1.523627
vt -0.792792 -0.344172
vt 1.434318 -0.392396
s 0
usemtl Damaged_and_Cracked_Concrete
f 1/1/1 2/2/1 4/3/1 3/4/1
f 3/5/2 4/6/2 8/7/2 7/8/2
f 7/9/3 8/10/3 6/11/3 5/12/3
f 5/13/4 6/14/4 2/15/4 1/16/4
f 3/17/5 7/18/5 5/19/5 1/20/5
f 8/21/6 4/22/6 2/23/6 6/24/6
o Cube.001
v -8.833801 2.777318 -35.922310
v -9.338911 3.904015 -36.299545
v -8.181693 2.960844 -37.710228
v -7.703384 3.924035 -37.807709
v -7.417387 2.960844 -35.291054
v -7.267854 3.792795 -35.240227
v -6.520849 2.832569 -36.972240
v -6.468691 4.064562 -37.194744
vn -0.8094 -0.1399 -0.5704
vn 0.4124 -0.2282 -0.8819
vn 0.9058 -0.0536 0.4203
vn -0.4363 0.0703 0.8970
vn 0.0209 -0.9998 -0.0066
vn -0.0379 0.9976 0.0574
vt 0.375000 0.000000
vt 0.625000 0.000000
vt 0.625000 0.250000
vt 0.375000 0.250000
vt 0.625000 0.500000
vt 0.375000 0.500000
vt 0.625000 0.750000
vt 0.375000 0.750000
vt 0.625000 1.000000
vt 0.375000 1.000000
vt 0.125000 0.500000
vt 0.125000 0.750000
vt 0.875000 0.500000
vt 0.875000 0.750000
s 0
usemtl Stone_wall
f 9/25/7 10/26/7 12/27/7 11/28/7
f 11/28/8 12/27/8 16/29/8 15/30/8
f 15/30/9 16/29/9 14/31/9 13/32/9
f 13/32/10 14/31/10 10/33/10 9/34/10
f 11/35/11 15/30/11 13/32/11 9/36/11
f 16/29/12 12/37/12 10/38/12 14/31/12
o Cube.002
v -10.468429 2.895043 -38.105553
v -10.707204 4.021739 -38.723553
v -9.029430 3.078568 -39.205887
v -8.577320 4.041759 -39.000076
v -9.586838 3.078568 -36.728508
v -9.485907 3.910520 -36.596325
v -7.994607 2.950293 -37.593048
v -7.839997 4.182286 -37.747391
vn -0.3487 -0.1470 -0.9256
vn 0.8305 -0.2175 -0.5127
vn 0.5294 -0.0565 0.8465
vn -0.8561 0.0668 0.5124
vn 0.0213 -0.9998 0.0048
vn -0.0659 0.9974 0.0295
vt 0.375000 0.000000
vt 0.625000 0.000000
vt 0.625000 0.250000
vt 0.375000 0.250000
vt 0.625000 0.500000
vt 0.375000 0.500000
vt 0.625000 0.750000
vt 0.375000 0.750000
vt 0.625000 1.000000
vt 0.375000 1.000000
vt 0.125000 0.500000
vt 0.125000 0.750000
vt 0.875000 0.500000
vt 0.875000 0.750000
s 0
usemtl Stone_wall
f 17/39/13 18/40/13 20/41/13 19/42/13
f 19/42/14 20/41/14 24/43/14 23/44/14
f 23/44/15 24/43/15 22/45/15 21/46/15
f 21/46/16 22/45/16 18/47/16 17/48/16
f 19/49/17 23/44/17 21/46/17 17/50/17
f 24/43/18 20/51/18 18/52/18 22/45/18
o Cube.003
v -10.457680 2.777318 -41.499458
v -10.131376 3.904015 -42.084503
v -8.722867 2.960844 -41.100010
v -8.600911 3.924035 -40.617134
v -10.968402 2.960844 -39.925617
v -11.007333 3.792795 -39.761940
v -9.319633 2.832569 -39.254921
v -9.105531 4.064562 -39.235405
vn 0.4978 -0.1485 -0.8545
vn 0.9242 -0.2139 0.3163
vn -0.3169 -0.0571 0.9467
vn -0.9397 0.0657 -0.3356
vn 0.0102 -0.9998 0.0195
vn -0.0659 0.9973 -0.0325
vt 0.375000 0.000000
vt 0.625000 0.000000
vt 0.625000 0.250000
vt 0.375000 0.250000
vt 0.625000 0.500000
vt 0.375000 0.500000
vt 0.625000 0.750000
vt 0.375000 0.750000
vt 0.625000 1.000000
vt 0.375000 1.000000
vt 0.125000 0.500000
vt 0.125000 0.750000
vt 0.875000 0.500000
vt 0.875000 0.750000
s 0
usemtl Stone_wall
f 25/53/19 26/54/19 28/55/19 27/56/19
f 27/56/20 28/55/20 32/57/20 31/58/20
f 31/58/21 32/57/21 30/59/21 29/60/21
f 29/60/22 30/59/22 26/61/22 25/62/22
f 27/63/23 31/58/23 29/60/23 25/64/23
f 32/57/24 28/65/24 26/66/24 30/59/24
o Cube.004
v -8.894497 2.777318 -43.677624
v -8.358077 3.904015 -44.044109
v -7.457075 2.960844 -42.504898
v -7.539310 3.924035 -42.018032
v -9.999319 2.960844 -42.518761
v -10.101151 3.792795 -42.391552
v -8.750489 2.832569 -41.145370
v -8.561087 4.064562 -41.027126
vn 0.8129 -0.1442 -0.5642
vn 0.6940 -0.2226 0.6847
vn -0.6980 -0.0553 0.7139
vn -0.7000 0.0685 -0.7108
vn -0.0001 -0.9998 0.0218
vn -0.0429 0.9975 -0.0560
vt 0.375000 0.000000
vt 0.625000 0.000000
vt 0.625000 0.250000
vt 0.375000 0.250000
vt 0.625000 0.500000
vt 0.375000 0.500000
vt 0.625000 0.750000
vt 0.375000 0.750000
vt 0.625000 1.000000
vt 0.375000 1.000000
vt 0.125000 0.500000
vt 0.125000 0.750000
vt 0.875000 0.500000
vt 0.875000 0.750000
s 0
usemtl Stone_wall
f 33/67/25 34/68/25 36/69/25 35/70/25
f 35/70/26 36/69/26 40/71/26 39/72/26
f 39/72/27 40/71/27 38/73/27 37/74/27
f 37/74/28 38/73/28 34/75/28 33/76/28
f 35/77/29 39/72/29 37/74/29 33/78/29
f 40/71/30 36/79/30 34/80/30 38/73/30
o Cube.005
v -6.033798 2.895043 -44.303837
v -5.413940 4.021739 -44.306446
v -5.467953 3.078568 -42.465450
v -5.781873 4.041759 -42.096207
v -7.515823 3.078568 -43.952435
v -7.662786 3.910520 -43.902580
v -7.204405 2.950293 -42.051624
v -7.111408 4.182286 -41.840458
vn 0.9896 -0.1376 -0.0415
vn 0.2067 -0.2306 0.9508
vn -0.9754 -0.0526 0.2143
vn -0.1966 0.0711 -0.9779
vn -0.0129 -0.9998 0.0178
vn -0.0044 0.9977 -0.0680
vt 0.375000 0.000000
vt 0.625000 0.000000
vt 0.625000 0.250000
vt 0.375000 0.250000
vt 0.625000 0.500000
vt 0.375000 0.500000
vt 0.625000 0.750000
vt 0.375000 0.750000
vt 0.625000 1.000000
vt 0.375000 1.000000
vt 0.125000 0.500000
vt 0.125000 0.750000
vt 0.875000 0.500000
vt 0.875000 0.750000
s 0
usemtl Stone_wall
f 41/81/31 42/82/31 44/83/31 43/84/31
f 43/84/32 44/83/32 48/85/32 47/86/32
f 47/86/33 48/85/33 46/87/33 45/88/33
f 45/88/34 46/87/34 42/89/34 41/90/34
f 43/91/35 47/86/35 45/88/35 41/92/35
f 48/85/36 44/93/36 42/94/36 46/87/36
o Cube.006
v -3.161022 2.895043 -43.756710
v -2.631873 4.021739 -43.421394
v -3.674670 3.078568 -41.915806
v -4.141863 4.041759 -41.778854
v -4.613062 3.078568 -44.270634
v -4.765178 3.910520 -44.309082
v -5.377122 2.950293 -42.516209
v -5.412283 4.182286 -42.289509
vn 0.8527 -0.1391 0.5035
vn -0.3416 -0.2292 0.9115
vn -0.9360 -0.0532 -0.3480
vn 0.3644 0.0706 -0.9286
vn -0.0204 -0.9998 0.0081
vn 0.0332 0.9977 -0.0599
vt -0.454598 -0.231055
vt -0.345976 1.087241
vt 1.525814 1.110665
vt 1.258282 -0.016320
vt -0.384117 -0.016320
vt -0.011434 1.110665
vt 1.311382 1.275090
vt 1.359152 -0.166408
vt 1.310366 -0.166408
vt 1.512126 1.275090
vt -0.394303 0.957108
vt -0.411711 -0.016320
vt 1.285876 -0.016320
vt 1.436314 0.957108
vt -0.795554 1.087241
vt -0.201618 -0.231055
vt -0.384117 1.258282
vt 1.359152 1.310366
vt 1.285876 -0.411711
vt -0.201618 -0.454598
vt 1.311382 1.512126
vt -0.011434 1.525814
vt -0.795554 -0.345976
vt 1.436314 -0.394303
s 0
usemtl Stone_wall
f 49/95/37 50/96/37 52/97/37 51/98/37
f 51/99/38 52/100/38 56/101/38 55/102/38
f 55/103/39 56/104/39 54/105/39 53/106/39
f 53/107/40 54/108/40 50/109/40 49/110/40
f 51/111/41 55/112/41 53/113/41 49/114/41
f 56/115/42 52/116/42 50/117/42 54/118/42
o Cube.007
v -1.218215 2.777318 -41.032749
v -1.118339 3.904015 -40.369694
v -2.832274 2.960844 -40.288944
v -3.223688 3.924035 -40.597054
v -1.776760 2.960844 -42.592075
v -1.846050 3.792795 -42.745575
v -3.488648 2.832569 -42.115810
v -3.669644 4.064562 -42.000412
vn 0.1280 -0.1487 0.9806
vn -0.9248 -0.2135 0.3148
vn -0.3281 -0.0572 -0.9429
vn 0.9488 0.0656 -0.3089
vn -0.0200 -0.9998 -0.0091
vn 0.0721 0.9973 -0.0147
vt -0.454598 -0.231055
vt -0.345976 1.087241
vt 1.525814 1.110665
vt 1.258282 -0.016320
vt -0.384117 -0.016320
vt -0.011434 1.110665
vt 1.311382 1.275090
vt 1.359152 -0.166408
vt 1.310366 -0.166408
vt 1.512126 1.275090
vt -0.394303 0.957108
vt -0.411711 -0.016320
vt 1.285876 -0.016320
vt 1.436314 0.957108
vt -0.795554 1.087241
vt -0.201618 -0.231055
vt -0.384117 1.258282
vt 1.359152 1.310366
vt 1.285876 -0.411711
vt -0.201618 -0.454598
vt 1.311382 1.512126
vt -0.011434 1.525814
vt -0.795554 -0.345976
vt 1.436314 -0.394303
s 0
usemtl Stone_wall
f 57/119/43 58/120/43 60/121/43 59/122/43
f 59/123/44 60/124/44 64/125/44 63/126/44
f 63/127/45 64/128/45 62/129/45 61/130/45
f 61/131/46 62/132/46 58/133/46 57/134/46
f 59/135/47 63/136/47 61/137/47 57/138/47
f 64/139/48 60/140/48 58/141/48 62/142/48
o Cube.008
v -1.286893 2.777318 -38.264252
v -1.484645 3.904015 -37.619888
v -3.046570 2.960844 -38.292797
v -3.262054 3.924035 -38.742401
v -1.110194 2.960844 -39.920521
v -1.105546 3.792795 -40.089794
v -2.841333 2.832569 -40.234108
v -3.052493 4.064562 -40.208317
vn -0.3137 -0.1494 0.9377
vn -0.9701 -0.2115 -0.1189
vn 0.1143 -0.0575 -0.9918
vn 0.9888 0.0649 0.1343
vn -0.0142 -0.9998 -0.0169
vn 0.0721 0.9972 0.0182
vt 0.375000 0.000000
vt 0.625000 0.000000
vt 0.625000 0.250000
vt 0.375000 0.250000
vt 0.625000 0.500000
vt 0.375000 0.500000
vt 0.625000 0.750000
vt 0.375000 0.750000
vt 0.625000 1.000000
vt 0.375000 1.000000
vt 0.125000 0.500000
vt 0.125000 0.750000
vt 0.875000 0.500000
vt 0.875000 0.750000
s 0
usemtl Stone_wall
f 65/143/49 66/144/49 68/145/49 67/146/49
f 67/146/50 68/145/50 72/147/50 71/148/50
f 71/148/51 72/147/51 70/149/51 69/150/51
f 69/150/52 70/149/52 66/151/52 65/152/52
f 67/153/53 71/148/53 69/150/53 65/154/53
f 72/147/54 68/155/54 66/156/54 70/149/54
o Cube.009
v -3.212089 2.895043 -35.901791
v -3.720394 4.021739 -35.490143
v -4.727671 3.078568 -36.947632
v -4.680428 4.041759 -37.440250
v -2.193956 3.078568 -37.152573
v -2.101567 3.910520 -37.288197
v -3.535946 2.950293 -38.414757
v -3.733063 4.182286 -38.516384
vn -0.7675 -0.1451 0.6244
vn -0.7458 -0.2210 -0.6284
vn 0.6395 -0.0557 -0.7668
vn 0.7538 0.0680 0.6536
vn -0.0018 -0.9998 -0.0218
vn 0.0477 0.9975 0.0527
vt 0.375000 0.000000
vt 0.625000 0.000000
vt 0.625000 0.250000
vt 0.375000 0.250000
vt 0.625000 0.500000
vt 0.375000 0.500000
vt 0.625000 0.750000
vt 0.375000 0.750000
vt 0.625000 1.000000
vt 0.375000 1.000000
vt 0.125000 0.500000
vt 0.125000 0.750000
vt 0.875000 0.500000
vt 0.875000 0.750000
s 0
usemtl Stone_wall
f 73/157/55 74/158/55 76/159/55 75/160/55
f 75/160/56 76/159/56 80/161/56 79/162/56
f 79/162/57 80/161/57 78/163/57 77/164/57
f 77/164/58 78/163/58 74/165/58 73/166/58
f 75/167/59 79/162/59 77/164/59 73/168/59
f 80/161/60 76/169/60 74/170/60 78/163/60
o Cylinder.042
v -5.666321 2.205938 -37.607124
v -5.666321 4.863538 -39.622505
v -5.627303 2.208260 -37.604065
v -5.627303 4.865860 -39.619442
v -5.589784 2.215137 -37.594994
v -5.589784 4.872737 -39.610374
v -5.555207 2.226305 -37.580269
v -5.555207 4.883904 -39.595646
v -5.524899 2.241333 -37.560452
v -5.524899 4.898934 -39.575829
v -5.500027 2.259647 -37.536301
v -5.500027 4.917247 -39.551682
v -5.481545 2.280540 -37.508751
v -5.481545 4.938140 -39.524128
v -5.470164 2.303210 -37.478855
v -5.470164 4.960811 -39.494236
v -5.466321 2.326787 -37.447765
v -5.466321 4.984387 -39.463146
v -5.470164 2.350364 -37.416676
v -5.470164 5.007964 -39.432056
v -5.481545 2.373034 -37.386784
v -5.481545 5.030634 -39.402161
v -5.500027 2.393928 -37.359230
v -5.500027 5.051528 -39.374611
v -5.524899 2.412241 -37.335083
v -5.524899 5.069841 -39.350460
v -5.555207 2.427270 -37.315266
v -5.555207 5.084870 -39.330643
v -5.589784 2.438437 -37.300537
v -5.589784 5.096038 -39.315918
v -5.627303 2.445314 -37.291470
v -5.627303 5.102915 -39.306847
v -5.666321 2.447637 -37.288406
v -5.666321 5.105237 -39.303787
v -5.705339 2.445314 -37.291470
v -5.705339 5.102915 -39.306847
v -5.742857 2.438437 -37.300537
v -5.742857 5.096038 -39.315918
v -5.777435 2.427270 -37.315266
v -5.777435 5.084870 -39.330643
v -5.807742 2.412241 -37.335083
v -5.807742 5.069841 -39.350460
v -5.832615 2.393928 -37.359230
v -5.832615 5.051528 -39.374611
v -5.851097 2.373034 -37.386784
v -5.851097 5.030634 -39.402161
v -5.862478 2.350364 -37.416676
v -5.862478 5.007964 -39.432056
v -5.866321 2.326787 -37.447765
v -5.866321 4.984387 -39.463146
v -5.862478 2.303210 -37.478855
v -5.862478 4.960811 -39.494236
v -5.851097 2.280540 -37.508751
v -5.851097 4.938140 -39.524128
v -5.832615 2.259647 -37.536301
v -5.832615 4.917247 -39.551682
v -5.807742 2.241333 -37.560452
v -5.807742 4.898934 -39.575829
v -5.777435 2.226305 -37.580269
v -5.777435 4.883904 -39.595646
v -5.742857 2.215137 -37.594994
v -5.742857 4.872737 -39.610374
v -5.705339 2.208260 -37.604065
v -5.705339 4.865860 -39.619442
vn 0.0980 -0.6013 -0.7930
vn 0.2903 -0.5782 -0.7625
vn 0.4714 -0.5329 -0.7027
vn 0.6344 -0.4671 -0.6159
vn 0.7730 -0.3833 -0.5055
vn 0.8819 -0.2848 -0.3756
vn 0.9569 -0.1754 -0.2313
vn 0.9952 -0.0592 -0.0781
vn 0.9952 0.0592 0.0781
vn 0.9569 0.1754 0.2313
vn 0.8819 0.2848 0.3756
vn 0.7730 0.3833 0.5055
vn 0.6344 0.4671 0.6159
vn 0.4714 0.5329 0.7027
vn 0.2903 0.5782 0.7625
vn 0.0980 0.6013 0.7930
vn -0.0980 0.6013 0.7930
vn -0.2903 0.5782 0.7625
vn -0.4714 0.5329 0.7027
vn -0.6344 0.4671 0.6159
vn -0.7730 0.3833 0.5055
vn -0.8819 0.2848 0.3756
vn -0.9569 0.1754 0.2313
vn -0.9952 0.0592 0.0781
vn -0.9952 -0.0592 -0.0781
vn -0.9569 -0.1754 -0.2313
vn -0.8819 -0.2848 -0.3756
vn -0.7730 -0.3833 -0.5055
vn -0.6344 -0.4671 -0.6159
vn -0.4714 -0.5329 -0.7027
vn -0.0000 0.7968 -0.6042
vn -0.2903 -0.5782 -0.7625
vn -0.0980 -0.6013 -0.7930
vn -0.0000 -0.7968 0.6042
vt 1.000000 0.500000
vt 1.000000 1.000000
vt 0.968750 1.000000
vt 0.968750 0.500000
vt 0.937500 1.000000
vt 0.937500 0.500000
vt 0.906250 1.000000
vt 0.906250 0.500000
vt 0.875000 1.000000
vt 0.875000 0.500000
vt 0.843750 1.000000
vt 0.843750 0.500000
vt 0.812500 1.000000
vt 0.812500 0.500000
vt 0.781250 1.000000
vt 0.781250 0.500000
vt 0.750000 1.000000
vt 0.750000 0.500000
vt 0.718750 1.000000
vt 0.718750 0.500000
vt 0.687500 1.000000
vt 0.687500 0.500000
vt 0.656250 1.000000
vt 0.656250 0.500000
vt 0.625000 1.000000
vt 0.625000 0.500000
vt 0.593750 1.000000
vt 0.593750 0.500000
vt 0.562500 1.000000
vt 0.562500 0.500000
vt 0.531250 1.000000
vt 0.531250 0.500000
vt 0.500000 1.000000
vt 0.500000 0.500000
vt 0.468750 1.000000
vt 0.468750 0.500000
vt 0.437500 1.000000
vt 0.437500 0.500000
vt 0.406250 1.000000
vt 0.406250 0.500000
vt 0.375000 1.000000
vt 0.375000 0.500000
vt 0.343750 1.000000
vt 0.343750 0.500000
vt 0.312500 1.000000
vt 0.312500 0.500000
vt 0.281250 1.000000
vt 0.281250 0.500000
vt 0.250000 1.000000
vt 0.250000 0.500000
vt 0.218750 1.000000
vt 0.218750 0.500000
vt 0.187500 1.000000
vt 0.187500 0.500000
vt 0.156250 1.000000
vt 0.156250 0.500000
vt 0.125000 1.000000
vt 0.125000 0.500000
vt 0.093750 1.000000
vt 0.093750 0.500000
vt 0.062500 1.000000
vt 0.062500 0.500000
vt 0.296822 0.485388
vt 0.250000 0.490000
vt 0.203178 0.485388
vt 0.158156 0.471731
vt 0.116663 0.449553
vt 0.080294 0.419706
vt 0.050447 0.383337
vt 0.028269 0.341844
vt 0.014612 0.296822
vt 0.010000 0.250000
vt 0.014612 0.203178
vt 0.028269 0.158156
vt 0.050447 0.116663
vt 0.080294 0.080294
vt 0.116663 0.050447
vt 0.158156 0.028269
vt 0.203178 0.014612
vt 0.250000 0.010000
vt 0.296822 0.014612
vt 0.341844 0.028269
vt 0.383337 0.050447
vt 0.419706 0.080294
vt 0.449553 0.116663
vt 0.471731 0.158156
vt 0.485388 0.203178
vt 0.490000 0.250000
vt 0.485388 0.296822
vt 0.471731 0.341844
vt 0.449553 0.383337
vt 0.419706 0.419706
vt 0.383337 0.449553
vt 0.341844 0.471731
vt 0.031250 1.000000
vt 0.031250 0.500000
vt 0.000000 1.000000
vt 0.000000 0.500000
vt 0.750000 0.490000
vt 0.796822 0.485388
vt 0.841844 0.471731
vt 0.883337 0.449553
vt 0.919706 0.419706
vt 0.949553 0.383337
vt 0.971731 0.341844
vt 0.985388 0.296822
vt 0.990000 0.250000
vt 0.985388 0.203178
vt 0.971731 0.158156
vt 0.949553 0.116663
vt 0.919706 0.080294
vt 0.883337 0.050447
vt 0.841844 0.028269
vt 0.796822 0.014612
vt 0.750000 0.010000
vt 0.703178 0.014612
vt 0.658156 0.028269
vt 0.616663 0.050447
vt 0.580294 0.080294
vt 0.550447 0.116663
vt 0.528269 0.158156
vt 0.514612 0.203178
vt 0.510000 0.250000
vt 0.514612 0.296822
vt 0.528269 0.341844
vt 0.550447 0.383337
vt 0.580294 0.419706
vt 0.616663 0.449553
vt 0.658156 0.471731
vt 0.703178 0.485388
s 0
usemtl Realistic_Wood_Grain
f 81/171/61 82/172/61 84/173/61 83/174/61
f 83/174/62 84/173/62 86/175/62 85/176/62
f 85/176/63 86/175/63 88/177/63 87/178/63
f 87/178/64 88/177/64 90/179/64 89/180/64
f 89/180/65 90/179/65 92/181/65 91/182/65
f 91/182/66 92/181/66 94/183/66 93/184/66
f 93/184/67 94/183/67 96/185/67 95/186/67
f 95/186/68 96/185/68 98/187/68 97/188/68
f 97/188/69 98/187/69 100/189/69 99/190/69
f 99/190/70 100/189/70 102/191/70 101/192/70
f 101/192/71 102/191/71 104/193/71 103/194/71
f 103/194/72 104/193/72 106/195/72 105/196/72
f 105/196/73 106/195/73 108/197/73 107/198/73
f 107/198/74 108/197/74 110/199/74 109/200/74
f 109/200/75 110/199/75 112/201/75 111/202/75
f 111/202/76 112/201/76 114/203/76 113/204/76
f 113/204/77 114/203/77 116/205/77 115/206/77
f 115/206/78 116/205/78 118/207/78 117/208/78
f 117/208/79 118/207/79 120/209/79 119/210/79
f 119/210/80 120/209/80 122/211/80 121/212/80
f 121/212/81 122/211/81 124/213/81 123/214/81
f 123/214/82 124/213/82 126/215/82 125/216/82
f 125/216/83 126/215/83 128/217/83 127/218/83
f 127/218/84 128/217/84 130/219/84 129/220/84
f 129/220/85 130/219/85 132/221/85 131/222/85
f 131/222/86 132/221/86 134/223/86 133/224/86
f 133/224/87 134/223/87 136/225/87 135/226/87
f 135/226/88 136/225/88 138/227/88 137/228/88
f 137/228/89 138/227/89 140/229/89 139/230/89
f 139/230/90 140/229/90 142/231/90 141/232/90
f 84/233/91 82/234/91 144/235/91 142/236/91 140/237/91 138/238/91 136/239/91 134/240/91 132/241/91 130/242/91 128/243/91 126/244/91 124/245/91 122/246/91 120/247/91 118/248/91 116/249/91 114/250/91 112/251/91 110/252/91 108/253/91 106/254/91 104/255/91 102/256/91 100/257/91 98/258/91 96/259/91 94/260/91 92/261/91 90/262/91 88/263/91 86/264/91
f 141/232/92 142/231/92 144/265/92 143/266/92
f 143/266/93 144/265/93 82/267/93 81/268/93
f 81/269/94 83/270/94 85/271/94 87/272/94 89/273/94 91/274/94 93/275/94 95/276/94 97/277/94 99/278/94 101/279/94 103/280/94 105/281/94 107/282/94 109/283/94 111/284/94 113/285/94 115/286/94 117/287/94 119/288/94 121/289/94 123/290/94 125/291/94 127/292/94 129/293/94 131/294/94 133/295/94 135/296/94 137/297/94 139/298/94 141/299/94 143/300/94
o Cylinder.043
v -5.649776 2.205938 -41.516457
v -5.689081 4.863538 -39.501461
v -5.688727 2.208260 -41.520279
v -5.728032 4.865860 -39.505283
v -5.726062 2.215137 -41.530079
v -5.765367 4.872737 -39.515083
v -5.760345 2.226305 -41.545475
v -5.799650 4.883904 -39.530479
v -5.790260 2.241333 -41.565884
v -5.829565 4.898934 -39.550888
v -5.814657 2.259647 -41.590511
v -5.853962 4.917247 -39.575516
v -5.832599 2.280540 -41.618420
v -5.871903 4.938140 -39.603424
v -5.843394 2.303210 -41.648529
v -5.882699 4.960811 -39.633533
v -5.846631 2.326787 -41.679688
v -5.885935 4.984387 -39.664692
v -5.842182 2.350364 -41.710697
v -5.881486 5.007964 -39.695702
v -5.830220 2.373034 -41.740364
v -5.869524 5.030634 -39.725368
v -5.811204 2.393928 -41.767548
v -5.850509 5.051528 -39.752552
v -5.785865 2.412241 -41.791206
v -5.825170 5.069841 -39.776211
v -5.755177 2.427270 -41.810432
v -5.794482 5.084870 -39.795437
v -5.720319 2.438437 -41.824482
v -5.759624 5.096038 -39.809486
v -5.682631 2.445314 -41.832817
v -5.721936 5.102915 -39.817822
v -5.643560 2.447637 -41.835117
v -5.682865 5.105237 -39.820122
v -5.604609 2.445314 -41.831295
v -5.643914 5.102915 -39.816299
v -5.567275 2.438437 -41.821495
v -5.606580 5.096038 -39.806499
v -5.532991 2.427270 -41.806099
v -5.572296 5.084870 -39.791103
v -5.503077 2.412241 -41.785690
v -5.542381 5.069841 -39.770695
v -5.478680 2.393928 -41.761063
v -5.517984 5.051528 -39.746067
v -5.460738 2.373034 -41.733154
v -5.500043 5.030634 -39.718159
v -5.449942 2.350364 -41.703045
v -5.489247 5.007964 -39.688049
v -5.446706 2.326787 -41.671886
v -5.486011 4.984387 -39.656891
v -5.451155 2.303210 -41.640877
v -5.490460 4.960811 -39.625881
v -5.463117 2.280540 -41.611210
v -5.502422 4.938140 -39.596214
v -5.482133 2.259647 -41.584026
v -5.521438 4.917247 -39.569031
v -5.507472 2.241333 -41.560368
v -5.546776 4.898934 -39.545372
v -5.538159 2.226305 -41.541142
v -5.577465 4.883904 -39.526146
v -5.573018 2.215137 -41.527092
v -5.612322 4.872737 -39.512096
v -5.610706 2.208260 -41.518757
v -5.650011 4.865860 -39.503761
vn -0.1135 -0.6013 0.7909
vn -0.3051 -0.5782 0.7567
vn -0.4850 -0.5329 0.6934
vn -0.6463 -0.4671 0.6034
vn -0.7827 -0.3833 0.4903
vn -0.8891 -0.2848 0.3583
vn -0.9613 -0.1754 0.2126
vn -0.9965 -0.0592 0.0587
vn -0.9935 0.0592 -0.0975
vn -0.9522 0.1754 -0.2499
vn -0.8744 0.2848 -0.3927
vn -0.7630 0.3833 -0.5205
vn -0.6223 0.4671 -0.6282
vn -0.4576 0.5329 -0.7118
vn -0.2754 0.5782 -0.7680
vn -0.0825 0.6013 -0.7947
vn 0.1135 0.6013 -0.7909
vn 0.3051 0.5782 -0.7567
vn 0.4850 0.5329 -0.6934
vn 0.6463 0.4671 -0.6034
vn 0.7827 0.3833 -0.4903
vn 0.8891 0.2848 -0.3583
vn 0.9613 0.1754 -0.2126
vn 0.9965 0.0592 -0.0587
vn 0.9935 -0.0592 0.0975
vn 0.9522 -0.1754 0.2499
vn 0.8744 -0.2848 0.3927
vn 0.7630 -0.3833 0.5205
vn 0.6223 -0.4671 0.6282
vn 0.4576 -0.5329 0.7118
vn -0.0118 0.7968 0.6041
vn 0.2754 -0.5782 0.7680
vn 0.0825 -0.6013 0.7947
vn 0.0118 -0.7968 -0.6041
vt 1.000000 0.500000
vt 1.000000 1.000000
vt 0.968750 1.000000
vt 0.968750 0.500000
vt 0.937500 1.000000
vt 0.937500 0.500000
vt 0.906250 1.000000
vt 0.906250 0.500000
vt 0.875000 1.000000
vt 0.875000 0.500000
vt 0.843750 1.000000
vt 0.843750 0.500000
vt 0.812500 1.000000
vt 0.812500 0.500000
vt 0.781250 1.000000
vt 0.781250 0.500000
vt 0.750000 1.000000
vt 0.750000 0.500000
vt 0.718750 1.000000
vt 0.718750 0.500000
vt 0.687500 1.000000
vt 0.687500 0.500000
vt 0.656250 1.000000
vt 0.656250 0.500000
vt 0.625000 1.000000
vt 0.625000 0.500000
vt 0.593750 1.000000
vt 0.593750 0.500000
vt 0.562500 1.000000
vt 0.562500 0.500000
vt 0.531250 1.000000
vt 0.531250 0.500000
vt 0.500000 1.000000
vt 0.500000 0.500000
vt 0.468750 1.000000
vt 0.468750 0.500000
vt 0.437500 1.000000
vt 0.437500 0.500000
vt 0.406250 1.000000
vt 0.406250 0.500000
vt 0.375000 1.000000
vt 0.375000 0.500000
vt 0.343750 1.000000
vt 0.343750 0.500000
vt 0.312500 1.000000
vt 0.312500 0.500000
vt 0.281250 1.000000
vt 0.281250 0.500000
vt 0.250000 1.000000
vt 0.250000 0.500000
vt 0.218750 1.000000
vt 0.218750 0.500000
vt 0.187500 1.000000
vt 0.187500 0.500000
vt 0.156250 1.000000
vt 0.156250 0.500000
vt 0.125000 1.000000
vt 0.125000 0.500000
vt 0.093750 1.000000
vt 0.093750 0.500000
vt 0.062500 1.000000
vt 0.062500 0.500000
vt 0.296822 0.485388
vt 0.250000 0.490000
vt 0.203178 0.485388
vt 0.158156 0.471731
vt 0.116663 0.449553
vt 0.080294 0.419706
vt 0.050447 0.383337
vt 0.028269 0.341844
vt 0.014612 0.296822
vt 0.010000 0.250000
vt 0.014612 0.203178
vt 0.028269 0.158156
vt 0.050447 0.116663
vt 0.080294 0.080294
vt 0.116663 0.050447
vt 0.158156 0.028269
vt 0.203178 0.014612
vt 0.250000 0.010000
vt 0.296822 0.014612
vt 0.341844 0.028269
vt 0.383337 0.050447
vt 0.419706 0.080294
vt 0.449553 0.116663
vt 0.471731 0.158156
vt 0.485388 0.203178
vt 0.490000 0.250000
vt 0.485388 0.296822
vt 0.471731 0.341844
vt 0.449553 0.383337
vt 0.419706 0.419706
vt 0.383337 0.449553
vt 0.341844 0.471731
vt 0.031250 1.000000
vt 0.031250 0.500000
vt 0.000000 1.000000
vt 0.000000 0.500000
vt 0.750000 0.490000
vt 0.796822 0.485388
vt 0.841844 0.471731
vt 0.883337 0.449553
vt 0.919706 0.419706
vt 0.949553 0.383337
vt 0.971731 0.341844
vt 0.985388 0.296822
vt 0.990000 0.250000
vt 0.985388 0.203178
vt 0.971731 0.158156
vt 0.949553 0.116663
vt 0.919706 0.080294
vt 0.883337 0.050447
vt 0.841844 0.028269
vt 0.796822 0.014612
vt 0.750000 0.010000
vt 0.703178 0.014612
vt 0.658156 0.028269
vt 0.616663 0.050447
vt 0.580294 0.080294
vt 0.550447 0.116663
vt 0.528269 0.158156
vt 0.514612 0.203178
vt 0.510000 0.250000
vt 0.514612 0.296822
vt 0.528269 0.341844
vt 0.550447 0.383337
vt 0.580294 0.419706
vt 0.616663 0.449553
vt 0.658156 0.471731
vt 0.703178 0.485388
s 0
usemtl Realistic_Wood_Grain
f 145/301/95 146/302/95 148/303/95 147/304/95
f 147/304/96 148/303/96 150/305/96 149/306/96
f 149/306/97 150/305/97 152/307/97 151/308/97
f 151/308/98 152/307/98 154/309/98 153/310/98
f 153/310/99 154/309/99 156/311/99 155/312/99
f 155/312/100 156/311/100 158/313/100 157/314/100
f 157/314/101 158/313/101 160/315/101 159/316/101
f 159/316/102 160/315/102 162/317/102 161/318/102
f 161/318/103 162/317/103 164/319/103 163/320/103
f 163/320/104 164/319/104 166/321/104 165/322/104
f 165/322/105 166/321/105 168/323/105 167/324/105
f 167/324/106 168/323/106 170/325/106 169/326/106
f 169/326/107 170/325/107 172/327/107 171/328/107
f 171/328/108 172/327/108 174/329/108 173/330/108
f 173/330/109 174/329/109 176/331/109 175/332/109
f 175/332/110 176/331/110 178/333/110 177/334/110
f 177/334/111 178/333/111 180/335/111 179/336/111
f 179/336/112 180/335/112 182/337/112 181/338/112
f 181/338/113 182/337/113 184/339/113 183/340/113
f 183/340/114 184/339/114 186/341/114 185/342/114
f 185/342/115 186/341/115 188/343/115 187/344/115
f 187/344/116 188/343/116 190/345/116 189/346/116
f 189/346/117 190/345/117 192/347/117 191/348/117
f 191/348/118 192/347/118 194/349/118 193/350/118
f 193/350/119 194/349/119 196/351/119 195/352/119
f 195/352/120 196/351/120 198/353/120 197/354/120
f 197/354/121 198/353/121 200/355/121 199/356/121
f 199/356/122 200/355/122 202/357/122 201/358/122
f 201/358/123 202/357/123 204/359/123 203/360/123
f 203/360/124 204/359/124 206/361/124 205/362/124
f 148/363/125 146/364/125 208/365/125 206/366/125 204/367/125 202/368/125 200/369/125 198/370/125 196/371/125 194/372/125 192/373/125 190/374/125 188/375/125 186/376/125 184/377/125 182/378/125 180/379/125 178/380/125 176/381/125 174/382/125 172/383/125 170/384/125 168/385/125 166/386/125 164/387/125 162/388/125 160/389/125 158/390/125 156/391/125 154/392/125 152/393/125 150/394/125
f 205/362/126 206/361/126 208/395/126 207/396/126
f 207/396/127 208/395/127 146/397/127 145/398/127
f 145/399/128 147/400/128 149/401/128 151/402/128 153/403/128 155/404/128 157/405/128 159/406/128 161/407/128 163/408/128 165/409/128 167/410/128 169/411/128 171/412/128 173/413/128 175/414/128 177/415/128 179/416/128 181/417/128 183/418/128 185/419/128 187/420/128 189/421/128 191/422/128 193/423/128 195/424/128 197/425/128 199/426/128 201/427/128 203/428/128 205/429/128 207/430/128
o Cylinder.044
v -7.799722 2.205938 -39.603451
v -5.784799 4.863538 -39.560581
v -7.803614 2.208260 -39.564510
v -5.788691 4.865860 -39.521637
v -7.813478 2.215137 -39.527191
v -5.798555 4.872737 -39.484322
v -7.828937 2.226305 -39.492935
v -5.814013 4.883904 -39.450066
v -7.849395 2.241333 -39.463055
v -5.834472 4.898934 -39.420185
v -7.874067 2.259647 -39.438702
v -5.859144 4.917247 -39.395832
v -7.902006 2.280540 -39.420811
v -5.887082 4.938140 -39.377941
v -7.932136 2.303210 -39.410069
v -5.917212 4.960811 -39.367199
v -7.963300 2.326787 -39.406887
v -5.948377 4.984387 -39.364017
v -7.994300 2.350364 -39.411392
v -5.979377 5.007964 -39.368523
v -8.023947 2.373034 -39.423405
v -6.009023 5.030634 -39.380535
v -8.051098 2.393928 -39.442471
v -6.036175 5.051528 -39.399601
v -8.074713 2.412241 -39.467850
v -6.059789 5.069841 -39.424980
v -8.093882 2.427270 -39.498573
v -6.078959 5.084870 -39.455700
v -8.107869 2.438437 -39.533455
v -6.092946 5.096038 -39.490585
v -8.116138 2.445314 -39.571159
v -6.101214 5.102915 -39.528286
v -8.118369 2.447637 -39.610233
v -6.103446 5.105237 -39.567364
v -8.114477 2.445314 -39.649178
v -6.099554 5.102915 -39.606304
v -8.104613 2.438437 -39.686493
v -6.089690 5.096038 -39.643623
v -8.089154 2.427270 -39.720749
v -6.074231 5.084870 -39.677879
v -8.068696 2.412241 -39.750629
v -6.053773 5.069841 -39.707760
v -8.044024 2.393928 -39.774982
v -6.029100 5.051528 -39.732113
v -8.016086 2.373034 -39.792873
v -6.001162 5.030634 -39.750004
v -7.985955 2.350364 -39.803616
v -5.971032 5.007964 -39.760746
v -7.954791 2.326787 -39.806797
v -5.939868 4.984387 -39.763927
v -7.923790 2.303210 -39.802292
v -5.908867 4.960811 -39.759422
v -7.894145 2.280540 -39.790279
v -5.879221 4.938140 -39.747410
v -7.866993 2.259647 -39.771214
v -5.852070 4.917247 -39.728344
v -7.843379 2.241333 -39.745834
v -5.828455 4.898934 -39.702965
v -7.824209 2.226305 -39.715115
v -5.809286 4.883904 -39.672241
v -7.810222 2.215137 -39.680229
v -5.795299 4.872737 -39.637360
v -7.801953 2.208260 -39.642529
v -5.787030 4.865860 -39.599655
vn 0.7907 -0.6013 0.1149
vn 0.7561 -0.5782 0.3064
vn 0.6925 -0.5329 0.4862
vn 0.6023 -0.4671 0.6474
vn 0.4889 -0.3833 0.7836
vn 0.3568 -0.2848 0.8897
vn 0.2109 -0.1754 0.9616
vn 0.0569 -0.0592 0.9966
vn -0.0993 0.0592 0.9933
vn -0.2516 0.1754 0.9518
vn -0.3943 0.2848 0.8737
vn -0.5218 0.3833 0.7621
vn -0.6293 0.4671 0.6211
vn -0.7126 0.5329 0.4563
vn -0.7685 0.5782 0.2740
vn -0.7949 0.6013 0.0811
vn -0.7907 0.6013 -0.1149
vn -0.7561 0.5782 -0.3064
vn -0.6925 0.5329 -0.4862
vn -0.6023 0.4671 -0.6474
vn -0.4889 0.3833 -0.7836
vn -0.3568 0.2848 -0.8897
vn -0.2109 0.1754 -0.9616
vn -0.0569 0.0592 -0.9966
vn 0.0993 -0.0592 -0.9933
vn 0.2516 -0.1754 -0.9518
vn 0.3943 -0.2848 -0.8737
vn 0.5218 -0.3833 -0.7621
vn 0.6293 -0.4671 -0.6211
vn 0.7126 -0.5329 -0.4563
vn 0.6041 0.7968 0.0129
vn 0.7685 -0.5782 -0.2740
vn 0.7949 -0.6013 -0.0811
vn -0.6041 -0.7968 -0.0129
vt 1.000000 0.500000
vt 1.000000 1.000000
vt 0.968750 1.000000
vt 0.968750 0.500000
vt 0.937500 1.000000
vt 0.937500 0.500000
vt 0.906250 1.000000
vt 0.906250 0.500000
vt 0.875000 1.000000
vt 0.875000 0.500000
vt 0.843750 1.000000
vt 0.843750 0.500000
vt 0.812500 1.000000
vt 0.812500 0.500000
vt 0.781250 1.000000
vt 0.781250 0.500000
vt 0.750000 1.000000
vt 0.750000 0.500000
vt 0.718750 1.000000
vt 0.718750 0.500000
vt 0.687500 1.000000
vt 0.687500 0.500000
vt 0.656250 1.000000
vt 0.656250 0.500000
vt 0.625000 1.000000
vt 0.625000 0.500000
vt 0.593750 1.000000
vt 0.593750 0.500000
vt 0.562500 1.000000
vt 0.562500 0.500000
vt 0.531250 1.000000
vt 0.531250 0.500000
vt 0.500000 1.000000
vt 0.500000 0.500000
vt 0.468750 1.000000
vt 0.468750 0.500000
vt 0.437500 1.000000
vt 0.437500 0.500000
vt 0.406250 1.000000
vt 0.406250 0.500000
vt 0.375000 1.000000
vt 0.375000 0.500000
vt 0.343750 1.000000
vt 0.343750 0.500000
vt 0.312500 1.000000
vt 0.312500 0.500000
vt 0.281250 1.000000
vt 0.281250 0.500000
vt 0.250000 1.000000
vt 0.250000 0.500000
vt 0.218750 1.000000
vt 0.218750 0.500000
vt 0.187500 1.000000
vt 0.187500 0.500000
vt 0.156250 1.000000
vt 0.156250 0.500000
vt 0.125000 1.000000
vt 0.125000 0.500000
vt 0.093750 1.000000
vt 0.093750 0.500000
vt 0.062500 1.000000
vt 0.062500 0.500000
vt 0.296822 0.485388
vt 0.250000 0.490000
vt 0.203178 0.485388
vt 0.158156 0.471731
vt 0.116663 0.449553
vt 0.080294 0.419706
vt 0.050447 0.383337
vt 0.028269 0.341844
vt 0.014612 0.296822
vt 0.010000 0.250000
vt 0.014612 0.203178
vt 0.028269 0.158156
vt 0.050447 0.116663
vt 0.080294 0.080294
vt 0.116663 0.050447
vt 0.158156 0.028269
vt 0.203178 0.014612
vt 0.250000 0.010000
vt 0.296822 0.014612
vt 0.341844 0.028269
vt 0.383337 0.050447
vt 0.419706 0.080294
vt 0.449553 0.116663
vt 0.471731 0.158156
vt 0.485388 0.203178
vt 0.490000 0.250000
vt 0.485388 0.296822
vt 0.471731 0.341844
vt 0.449553 0.383337
vt 0.419706 0.419706
vt 0.383337 0.449553
vt 0.341844 0.471731
vt 0.031250 1.000000
vt 0.031250 0.500000
vt 0.000000 1.000000
vt 0.000000 0.500000
vt 0.750000 0.490000
vt 0.796822 0.485388
vt 0.841844 0.471731
vt 0.883337 0.449553
vt 0.919706 0.419706
vt 0.949553 0.383337
vt 0.971731 0.341844
vt 0.985388 0.296822
vt 0.990000 0.250000
vt 0.985388 0.203178
vt 0.971731 0.158156
vt 0.949553 0.116663
vt 0.919706 0.080294
vt 0.883337 0.050447
vt 0.841844 0.028269
vt 0.796822 0.014612
vt 0.750000 0.010000
vt 0.703178 0.014612
vt 0.658156 0.028269
vt 0.616663 0.050447
vt 0.580294 0.080294
vt 0.550447 0.116663
vt 0.528269 0.158156
vt 0.514612 0.203178
vt 0.510000 0.250000
vt 0.514612 0.296822
vt 0.528269 0.341844
vt 0.550447 0.383337
vt 0.580294 0.419706
vt 0.616663 0.449553
vt 0.658156 0.471731
vt 0.703178 0.485388
s 0
usemtl Realistic_Wood_Grain
f 209/431/129 210/432/129 212/433/129 211/434/129
f 211/434/130 212/433/130 214/435/130 213/436/130
f 213/436/131 214/435/131 216/437/131 215/438/131
f 215/438/132 216/437/132 218/439/132 217/440/132
f 217/440/133 218/439/133 220/441/133 219/442/133
f 219/442/134 220/441/134 222/443/134 221/444/134
f 221/444/135 222/443/135 224/445/135 223/446/135
f 223/446/136 224/445/136 226/447/136 225/448/136
f 225/448/137 226/447/137 228/449/137 227/450/137
f 227/450/138 228/449/138 230/451/138 229/452/138
f 229/452/139 230/451/139 232/453/139 231/454/139
f 231/454/140 232/453/140 234/455/140 233/456/140
f 233/456/141 234/455/141 236/457/141 235/458/141
f 235/458/142 236/457/142 238/459/142 237/460/142
f 237/460/143 238/459/143 240/461/143 239/462/143
f 239/462/144 240/461/144 242/463/144 241/464/144
f 241/464/145 242/463/145 244/465/145 243/466/145
f 243/466/146 244/465/146 246/467/146 245/468/146
f 245/468/147 246/467/147 248/469/147 247/470/147
f 247/470/148 248/469/148 250/471/148 249/472/148
f 249/472/149 250/471/149 252/473/149 251/474/149
f 251/474/150 252/473/150 254/475/150 253/476/150
f 253/476/151 254/475/151 256/477/151 255/478/151
f 255/478/152 256/477/152 258/479/152 257/480/152
f 257/480/153 258/479/153 260/481/153 259/482/153
f 259/482/154 260/481/154 262/483/154 261/484/154
f 261/484/155 262/483/155 264/485/155 263/486/155
f 263/486/156 264/485/156 266/487/156 265/488/156
f 265/488/157 266/487/157 268/489/157 267/490/157
f 267/490/158 268/489/158 270/491/158 269/492/158
f 212/493/159 210/494/159 272/495/159 270/496/159 268/497/159 266/498/159 264/499/159 262/500/159 260/501/159 258/502/159 256/503/159 254/504/159 252/505/159 250/506/159 248/507/159 246/508/159 244/509/159 242/510/159 240/511/159 238/512/159 236/513/159 234/514/159 232/515/159 230/516/159 228/517/159 226/518/159 224/519/159 222/520/159 220/521/159 218/522/159 216/523/159 214/524/159
f 269/492/160 270/491/160 272/525/160 271/526/160
f 271/526/161 272/525/161 210/527/161 209/528/161
f 209/529/162 211/530/162 213/531/162 215/532/162 217/533/162 219/534/162 221/535/162 223/536/162 225/537/162 227/538/162 229/539/162 231/540/162 233/541/162 235/542/162 237/543/162 239/544/162 241/545/162 243/546/162 245/547/162 247/548/162 249/549/162 251/550/162 253/551/162 255/552/162 257/553/162 259/554/162 261/555/162 263/556/162 265/557/162 267/558/162 269/559/162 271/560/162
o Cylinder.045
v -3.891625 2.205938 -39.503750
v -5.905329 4.863538 -39.585911
v -3.886975 2.208260 -39.542610
v -5.900679 4.865860 -39.624771
v -3.876385 2.215137 -39.579731
v -5.890089 4.872737 -39.661888
v -3.860261 2.226305 -39.613678
v -5.873965 4.883904 -39.695835
v -3.839223 2.241333 -39.643150
v -5.852927 4.898934 -39.725311
v -3.814081 2.259647 -39.667019
v -5.827785 4.917247 -39.749180
v -3.785799 2.280540 -39.684364
v -5.799503 4.938140 -39.766521
v -3.755466 2.303210 -39.694515
v -5.769169 4.960811 -39.776676
v -3.724245 2.326787 -39.697090
v -5.737949 4.984387 -39.779247
v -3.693338 2.350364 -39.691982
v -5.707042 5.007964 -39.774139
v -3.663932 2.373034 -39.679390
v -5.677636 5.030634 -39.761551
v -3.637157 2.393928 -39.659801
v -5.650861 5.051528 -39.741959
v -3.614043 2.412241 -39.633965
v -5.627747 5.069841 -39.716122
v -3.595476 2.427270 -39.602875
v -5.609180 5.084870 -39.685032
v -3.582172 2.438437 -39.567726
v -5.595876 5.096038 -39.649883
v -3.574640 2.445314 -39.529869
v -5.588344 5.102915 -39.612026
v -3.573171 2.447637 -39.490757
v -5.586875 5.105237 -39.572918
v -3.577821 2.445314 -39.451897
v -5.591525 5.102915 -39.534058
v -3.588412 2.438437 -39.414780
v -5.602116 5.096038 -39.496937
v -3.604536 2.427270 -39.380833
v -5.618239 5.084870 -39.462990
v -3.625573 2.412241 -39.351357
v -5.639277 5.069841 -39.433517
v -3.650716 2.393928 -39.327488
v -5.664420 5.051528 -39.409649
v -3.678997 2.373034 -39.310146
v -5.692701 5.030634 -39.392303
v -3.709331 2.350364 -39.299992
v -5.723035 5.007964 -39.382153
v -3.740551 2.326787 -39.297421
v -5.754255 4.984387 -39.379578
v -3.771458 2.303210 -39.302528
v -5.785162 4.960811 -39.384686
v -3.800864 2.280540 -39.315117
v -5.814568 4.938140 -39.397278
v -3.827639 2.259647 -39.334709
v -5.841343 4.917247 -39.416866
v -3.850754 2.241333 -39.360546
v -5.864458 4.898934 -39.442703
v -3.869320 2.226305 -39.391636
v -5.883024 4.883904 -39.473793
v -3.882625 2.215137 -39.426785
v -5.896329 4.872737 -39.508942
v -3.890156 2.208260 -39.464642
v -5.903860 4.865860 -39.546799
vn -0.7883 -0.6013 -0.1303
vn -0.7500 -0.5782 -0.3211
vn -0.6829 -0.5329 -0.4997
vn -0.5896 -0.4671 -0.6590
vn -0.4735 -0.3833 -0.7930
vn -0.3393 -0.2848 -0.8965
vn -0.1921 -0.1754 -0.9656
vn -0.0375 -0.0592 -0.9975
vn 0.1186 0.0592 -0.9912
vn 0.2701 0.1754 -0.9467
vn 0.4112 0.2848 -0.8659
vn 0.5366 0.3833 -0.7518
vn 0.6413 0.4671 -0.6088
vn 0.7213 0.5329 -0.4424
vn 0.7737 0.5782 -0.2590
vn 0.7963 0.6013 -0.0656
vn 0.7883 0.6013 0.1303
vn 0.7500 0.5782 0.3211
vn 0.6829 0.5329 0.4997
vn 0.5896 0.4671 0.6590
vn 0.4735 0.3833 0.7930
vn 0.3393 0.2848 0.8965
vn 0.1921 0.1754 0.9656
vn 0.0375 0.0592 0.9975
vn -0.1186 -0.0592 0.9912
vn -0.2701 -0.1754 0.9467
vn -0.4112 -0.2848 0.8659
vn -0.5366 -0.3833 0.7518
vn -0.6413 -0.4671 0.6088
vn -0.7213 -0.5329 0.4424
vn -0.6037 0.7968 -0.0246
vn -0.7737 -0.5782 0.2590
vn -0.7963 -0.6013 0.0656
vn 0.6037 -0.7968 0.0246
vt 1.000000 0.500000
vt 1.000000 1.000000
vt 0.968750 1.000000
vt 0.968750 0.500000
vt 0.937500 1.000000
vt 0.937500 0.500000
vt 0.906250 1.000000
vt 0.906250 0.500000
vt 0.875000 1.000000
vt 0.875000 0.500000
vt 0.843750 1.000000
vt 0.843750 0.500000
vt 0.812500 1.000000
vt 0.812500 0.500000
vt 0.781250 1.000000
vt 0.781250 0.500000
vt 0.750000 1.000000
vt 0.750000 0.500000
vt 0.718750 1.000000
vt 0.718750 0.500000
vt 0.687500 1.000000
vt 0.687500 0.500000
vt 0.656250 1.000000
vt 0.656250 0.500000
vt 0.625000 1.000000
vt 0.625000 0.500000
vt 0.593750 1.000000
vt 0.593750 0.500000
vt 0.562500 1.000000
vt 0.562500 0.500000
vt 0.531250 1.000000
vt 0.531250 0.500000
vt 0.500000 1.000000
vt 0.500000 0.500000
vt 0.468750 1.000000
vt 0.468750 0.500000
vt 0.437500 1.000000
vt 0.437500 0.500000
vt 0.406250 1.000000
vt 0.406250 0.500000
vt 0.375000 1.000000
vt 0.375000 0.500000
vt 0.343750 1.000000
vt 0.343750 0.500000
vt 0.312500 1.000000
vt 0.312500 0.500000
vt 0.281250 1.000000
vt 0.281250 0.500000
vt 0.250000 1.000000
vt 0.250000 0.500000
vt 0.218750 1.000000
vt 0.218750 0.500000
vt 0.187500 1.000000
vt 0.187500 0.500000
vt 0.156250 1.000000
vt 0.156250 0.500000
vt 0.125000 1.000000
vt 0.125000 0.500000
vt 0.093750 1.000000
vt 0.093750 0.500000
vt 0.062500 1.000000
vt 0.062500 0.500000
vt 0.296822 0.485388
vt 0.250000 0.490000
vt 0.203178 0.485388
vt 0.158156 0.471731
vt 0.116663 0.449553
vt 0.080294 0.419706
vt 0.050447 0.383337
vt 0.028269 0.341844
vt 0.014612 0.296822
vt 0.010000 0.250000
vt 0.014612 0.203178
vt 0.028269 0.158156
vt 0.050447 0.116663
vt 0.080294 0.080294
vt 0.116663 0.050447
vt 0.158156 0.028269
vt 0.203178 0.014612
vt 0.250000 0.010000
vt 0.296822 0.014612
vt 0.341844 0.028269
vt 0.383337 0.050447
vt 0.419706 0.080294
vt 0.449553 0.116663
vt 0.471731 0.158156
vt 0.485388 0.203178
vt 0.490000 0.250000
vt 0.485388 0.296822
vt 0.471731 0.341844
vt 0.449553 0.383337
vt 0.419706 0.419706
vt 0.383337 0.449553
vt 0.341844 0.471731
vt 0.031250 1.000000
vt 0.031250 0.500000
vt 0.000000 1.000000
vt 0.000000 0.500000
vt 0.750000 0.490000
vt 0.796822 0.485388
vt 0.841844 0.471731
vt 0.883337 0.449553
vt 0.919706 0.419706
vt 0.949553 0.383337
vt 0.971731 0.341844
vt 0.985388 0.296822
vt 0.990000 0.250000
vt 0.985388 0.203178
vt 0.971731 0.158156
vt 0.949553 0.116663
vt 0.919706 0.080294
vt 0.883337 0.050447
vt 0.841844 0.028269
vt 0.796822 0.014612
vt 0.750000 0.010000
vt 0.703178 0.014612
vt 0.658156 0.028269
vt 0.616663 0.050447
vt 0.580294 0.080294
vt 0.550447 0.116663
vt 0.528269 0.158156
vt 0.514612 0.203178
vt 0.510000 0.250000
vt 0.514612 0.296822
vt 0.528269 0.341844
vt 0.550447 0.383337
vt 0.580294 0.419706
vt 0.616663 0.449553
vt 0.658156 0.471731
vt 0.703178 0.485388
s 0
usemtl Realistic_Wood_Grain
f 273/561/163 274/562/163 276/563/163 275/564/163
f 275/564/164 276/563/164 278/565/164 277/566/164
f 277/566/165 278/565/165 280/567/165 279/568/165
f 279/568/166 280/567/166 282/569/166 281/570/166
f 281/570/167 282/569/167 284/571/167 283/572/167
f 283/572/168 284/571/168 286/573/168 285/574/168
f 285/574/169 286/573/169 288/575/169 287/576/169
f 287/576/170 288/575/170 290/577/170 289/578/170
f 289/578/171 290/577/171 292/579/171 291/580/171
f 291/580/172 292/579/172 294/581/172 293/582/172
f 293/582/173 294/581/173 296/583/173 295/584/173
f 295/584/174 296/583/174 298/585/174 297/586/174
f 297/586/175 298/585/175 300/587/175 299/588/175
f 299/588/176 300/587/176 302/589/176 301/590/176
f 301/590/177 302/589/177 304/591/177 303/592/177
f 303/592/178 304/591/178 306/593/178 305/594/178
f 305/594/179 306/593/179 308/595/179 307/596/179
f 307/596/180 308/595/180 310/597/180 309/598/180
f 309/598/181 310/597/181 312/599/181 311/600/181
f 311/600/182 312/599/182 314/601/182 313/602/182
f 313/602/183 314/601/183 316/603/183 315/604/183
f 315/604/184 316/603/184 318/605/184 317/606/184
f 317/606/185 318/605/185 320/607/185 319/608/185
f 319/608/186 320/607/186 322/609/186 321/610/186
f 321/610/187 322/609/187 324/611/187 323/612/187
f 323/612/188 324/611/188 326/613/188 325/614/188
f 325/614/189 326/613/189 328/615/189 327/616/189
f 327/616/190 328/615/190 330/617/190 329/618/190
f 329/618/191 330/617/191 332/619/191 331/620/191
f 331/620/192 332/619/192 334/621/192 333/622/192
f 276/623/193 274/624/193 336/625/193 334/626/193 332/627/193 330/628/193 328/629/193 326/630/193 324/631/193 322/632/193 320/633/193 318/634/193 316/635/193 314/636/193 312/637/193 310/638/193 308/639/193 306/640/193 304/641/193 302/642/193 300/643/193 298/644/193 296/645/193 294/646/193 292/647/193 290/648/193 288/649/193 286/650/193 284/651/193 282/652/193 280/653/193 278/654/193
f 333/622/194 334/621/194 336/655/194 335/656/194
f 335/656/195 336/655/195 274/657/195 273/658/195
f 273/659/196 275/660/196 277/661/196 279/662/196 281/663/196 283/664/196 285/665/196 287/666/196 289/667/196 291/668/196 293/669/196 295/670/196 297/671/196 299/672/196 301/673/196 303/674/196 305/675/196 307/676/196 309/677/196 311/678/196 313/679/196 315/680/196 317/681/196 319/682/196 321/683/196 323/684/196 325/685/196 327/686/196 329/687/196 331/688/196 333/689/196 335/690/196
o Cylinder.046
v -7.088121 2.205938 -37.955566
v -5.806872 4.863538 -39.511250
v -7.059949 2.208260 -37.928398
v -5.778701 4.865860 -39.484081
v -7.036754 2.215137 -37.897545
v -5.755505 4.872737 -39.453228
v -7.019425 2.226305 -37.864197
v -5.738177 4.883904 -39.419880
v -7.008630 2.241333 -37.829632
v -5.727382 4.898934 -39.385315
v -7.004783 2.259647 -37.795177
v -5.723535 4.917247 -39.350861
v -7.008032 2.280540 -37.762161
v -5.726783 4.938140 -39.317844
v -7.018252 2.303210 -37.731850
v -5.737003 4.960811 -39.287533
v -7.035050 2.326787 -37.705406
v -5.753801 4.984387 -39.261093
v -7.057781 2.350364 -37.683853
v -5.776533 5.007964 -39.239536
v -7.085571 2.373034 -37.668011
v -5.804323 5.030634 -39.223698
v -7.117353 2.393928 -37.658493
v -5.836104 5.051528 -39.214180
v -7.151905 2.412241 -37.655666
v -5.870656 5.069841 -39.211353
v -7.187898 2.427270 -37.659637
v -5.906650 5.084870 -39.215321
v -7.223951 2.438437 -37.670250
v -5.942702 5.096038 -39.225937
v -7.258677 2.445314 -37.687103
v -5.977428 5.102915 -39.242786
v -7.290742 2.447637 -37.709545
v -6.009493 5.105237 -39.265228
v -7.318913 2.445314 -37.736713
v -6.037665 5.102915 -39.292397
v -7.342109 2.438437 -37.767567
v -6.060861 5.096038 -39.323250
v -7.359437 2.427270 -37.800915
v -6.078189 5.084870 -39.356598
v -7.370233 2.412241 -37.835480
v -6.088984 5.069841 -39.391163
v -7.374080 2.393928 -37.869934
v -6.092832 5.051528 -39.425617
v -7.370831 2.373034 -37.902950
v -6.089582 5.030634 -39.458633
v -7.360611 2.350364 -37.933262
v -6.079362 5.007964 -39.488945
v -7.343813 2.326787 -37.959702
v -6.062564 4.984387 -39.515388
v -7.321082 2.303210 -37.981258
v -6.039833 4.960811 -39.536942
v -7.293291 2.280540 -37.997097
v -6.012043 4.938140 -39.552784
v -7.261510 2.259647 -38.006615
v -5.980261 4.917247 -39.562302
v -7.226958 2.241333 -38.009441
v -5.945710 4.898934 -39.565128
v -7.190965 2.226305 -38.005474
v -5.909716 4.883904 -39.561157
v -7.154912 2.215137 -37.994858
v -5.873663 4.872737 -39.550545
v -7.120186 2.208260 -37.978008
v -5.838937 4.865860 -39.533691
vn 0.5798 -0.6013 -0.5498
vn 0.7088 -0.5782 -0.4040
vn 0.8106 -0.5329 -0.2427
vn 0.8813 -0.4671 -0.0721
vn 0.9180 -0.3833 0.1012
vn 0.9195 -0.2848 0.2707
vn 0.8857 -0.1754 0.4298
vn 0.8178 -0.0592 0.5724
vn 0.7185 0.0592 0.6930
vn 0.5916 0.1754 0.7869
vn 0.4420 0.2848 0.8506
vn 0.2753 0.3833 0.8816
vn 0.0981 0.4671 0.8787
vn -0.0829 0.5329 0.8421
vn -0.2607 0.5782 0.7731
vn -0.4285 0.6013 0.6744
vn -0.5798 0.6013 0.5498
vn -0.7088 0.5782 0.4040
vn -0.8106 0.5329 0.2427
vn -0.8813 0.4671 0.0721
vn -0.9180 0.3833 -0.1012
vn -0.9195 0.2848 -0.2707
vn -0.8857 0.1754 -0.4298
vn -0.8178 0.0592 -0.5724
vn -0.7185 -0.0592 -0.6930
vn -0.5916 -0.1754 -0.7869
vn -0.4420 -0.2848 -0.8506
vn -0.2753 -0.3833 -0.8816
vn -0.0981 -0.4671 -0.8787
vn 0.0829 -0.5329 -0.8421
vn 0.3841 0.7968 -0.4664
vn 0.2607 -0.5782 -0.7731
vn 0.4285 -0.6013 -0.6744
vn -0.3841 -0.7968 0.4664
vt 1.000000 0.500000
vt 1.000000 1.000000
vt 0.968750 1.000000
vt 0.968750 0.500000
vt 0.937500 1.000000
vt 0.937500 0.500000
vt 0.906250 1.000000
vt 0.906250 0.500000
vt 0.875000 1.000000
vt 0.875000 0.500000
vt 0.843750 1.000000
vt 0.843750 0.500000
vt 0.812500 1.000000
vt 0.812500 0.500000
vt 0.781250 1.000000
vt 0.781250 0.500000
vt 0.750000 1.000000
vt 0.750000 0.500000
vt 0.718750 1.000000
vt 0.718750 0.500000
vt 0.687500 1.000000
vt 0.687500 0.500000
vt 0.656250 1.000000
vt 0.656250 0.500000
vt 0.625000 1.000000
vt 0.625000 0.500000
vt 0.593750 1.000000
vt 0.593750 0.500000
vt 0.562500 1.000000
vt 0.562500 0.500000
vt 0.531250 1.000000
vt 0.531250 0.500000
vt 0.500000 1.000000
vt 0.500000 0.500000
vt 0.468750 1.000000
vt 0.468750 0.500000
vt 0.437500 1.000000
vt 0.437500 0.500000
vt 0.406250 1.000000
vt 0.406250 0.500000
vt 0.375000 1.000000
vt 0.375000 0.500000
vt 0.343750 1.000000
vt 0.343750 0.500000
vt 0.312500 1.000000
vt 0.312500 0.500000
vt 0.281250 1.000000
vt 0.281250 0.500000
vt 0.250000 1.000000
vt 0.250000 0.500000
vt 0.218750 1.000000
vt 0.218750 0.500000
vt 0.187500 1.000000
vt 0.187500 0.500000
vt 0.156250 1.000000
vt 0.156250 0.500000
vt 0.125000 1.000000
vt 0.125000 0.500000
vt 0.093750 1.000000
vt 0.093750 0.500000
vt 0.062500 1.000000
vt 0.062500 0.500000
vt 0.296822 0.485388
vt 0.250000 0.490000
vt 0.203178 0.485388
vt 0.158156 0.471731
vt 0.116663 0.449553
vt 0.080294 0.419706
vt 0.050447 0.383337
vt 0.028269 0.341844
vt 0.014612 0.296822
vt 0.010000 0.250000
vt 0.014612 0.203178
vt 0.028269 0.158156
vt 0.050447 0.116663
vt 0.080294 0.080294
vt 0.116663 0.050447
vt 0.158156 0.028269
vt 0.203178 0.014612
vt 0.250000 0.010000
vt 0.296822 0.014612
vt 0.341844 0.028269
vt 0.383337 0.050447
vt 0.419706 0.080294
vt 0.449553 0.116663
vt 0.471731 0.158156
vt 0.485388 0.203178
vt 0.490000 0.250000
vt 0.485388 0.296822
vt 0.471731 0.341844
vt 0.449553 0.383337
vt 0.419706 0.419706
vt 0.383337 0.449553
vt 0.341844 0.471731
vt 0.031250 1.000000
vt 0.031250 0.500000
vt 0.000000 1.000000
vt 0.000000 0.500000
vt 0.750000 0.490000
vt 0.796822 0.485388
vt 0.841844 0.471731
vt 0.883337 0.449553
vt 0.919706 0.419706
vt 0.949553 0.383337
vt 0.971731 0.341844
vt 0.985388 0.296822
vt 0.990000 0.250000
vt 0.985388 0.203178
vt 0.971731 0.158156
vt 0.949553 0.116663
vt 0.919706 0.080294
vt 0.883337 0.050447
vt 0.841844 0.028269
vt 0.796822 0.014612
vt 0.750000 0.010000
vt 0.703178 0.014612
vt 0.658156 0.028269
vt 0.616663 0.050447
vt 0.580294 0.080294
vt 0.550447 0.116663
vt 0.528269 0.158156
vt 0.514612 0.203178
vt 0.510000 0.250000
vt 0.514612 0.296822
vt 0.528269 0.341844
vt 0.550447 0.383337
vt 0.580294 0.419706
vt 0.616663 0.449553
vt 0.658156 0.471731
vt 0.703178 0.485388
s 0
usemtl Realistic_Wood_Grain
f 337/691/197 338/692/197 340/693/197 339/694/197
f 339/694/198 340/693/198 342/695/198 341/696/198
f 341/696/199 342/695/199 344/697/199 343/698/199
f 343/698/200 344/697/200 346/699/200 345/700/200
f 345/700/201 346/699/201 348/701/201 347/702/201
f 347/702/202 348/701/202 350/703/202 349/704/202
f 349/704/203 350/703/203 352/705/203 351/706/203
f 351/706/204 352/705/204 354/707/204 353/708/204
f 353/708/205 354/707/205 356/709/205 355/710/205
f 355/710/206 356/709/206 358/711/206 357/712/206
f 357/712/207 358/711/207 360/713/207 359/714/207
f 359/714/208 360/713/208 362/715/208 361/716/208
f 361/716/209 362/715/209 364/717/209 363/718/209
f 363/718/210 364/717/210 366/719/210 365/720/210
f 365/720/211 366/719/211 368/721/211 367/722/211
f 367/722/212 368/721/212 370/723/212 369/724/212
f 369/724/213 370/723/213 372/725/213 371/726/213
f 371/726/214 372/725/214 374/727/214 373/728/214
f 373/728/215 374/727/215 376/729/215 375/730/215
f 375/730/216 376/729/216 378/731/216 377/732/216
f 377/732/217 378/731/217 380/733/217 379/734/217
f 379/734/218 380/733/218 382/735/218 381/736/218
f 381/736/219 382/735/219 384/737/219 383/738/219
f 383/738/220 384/737/220 386/739/220 385/740/220
f 385/740/221 386/739/221 388/741/221 387/742/221
f 387/742/222 388/741/222 390/743/222 389/744/222
f 389/744/223 390/743/223 392/745/223 391/746/223
f 391/746/224 392/745/224 394/747/224 393/748/224
f 393/748/225 394/747/225 396/749/225 395/750/225
f 395/750/226 396/749/226 398/751/226 397/752/226
f 340/753/227 338/754/227 400/755/227 398/756/227 396/757/227 394/758/227 392/759/227 390/760/227 388/761/227 386/762/227 384/763/227 382/764/227 380/765/227 378/766/227 376/767/227 374/768/227 372/769/227 370/770/227 368/771/227 366/772/227 364/773/227 362/774/227 360/775/227 358/776/227 356/777/227 354/778/227 352/779/227 350/780/227 348/781/227 346/782/227 344/783/227 342/784/227
f 397/752/228 398/751/228 400/785/228 399/786/228
f 399/786/229 400/785/229 338/787/229 337/788/229
f 337/789/230 339/790/230 341/791/230 343/792/230 345/793/230 347/794/230 349/795/230 351/796/230 353/797/230 355/798/230 357/799/230 359/800/230 361/801/230 363/802/230 365/803/230 367/804/230 369/805/230 371/806/230 373/807/230 375/808/230 377/809/230 379/810/230 381/811/230 383/812/230 385/813/230 387/814/230 389/815/230 391/816/230 393/817/230 395/818/230 397/819/230 399/820/230
o Cylinder.047
v -4.590044 2.205938 -40.962685
v -5.901390 4.863538 -39.432285
v -4.617681 2.208260 -40.990398
v -5.929026 4.865860 -39.459999
v -4.640271 2.215137 -41.021698
v -5.951616 4.872737 -39.491295
v -4.656945 2.226305 -41.055378
v -5.968290 4.883904 -39.524979
v -4.667064 2.241333 -41.090149
v -5.978409 4.898934 -39.559746
v -4.670238 2.259647 -41.124668
v -5.981584 4.917247 -39.594269
v -4.666347 2.280540 -41.157616
v -5.977692 4.938140 -39.627216
v -4.655538 2.303210 -41.187721
v -5.966883 4.960811 -39.657322
v -4.638227 2.326787 -41.213829
v -5.949572 4.984387 -39.683430
v -4.615079 2.350364 -41.234940
v -5.926425 5.007964 -39.704536
v -4.586986 2.373034 -41.250233
v -5.898331 5.030634 -39.719833
v -4.555024 2.393928 -41.259129
v -5.866369 5.051528 -39.728729
v -4.520424 2.412241 -41.261284
v -5.831769 5.069841 -39.730885
v -4.484515 2.427270 -41.256615
v -5.795860 5.084870 -39.726212
v -4.448676 2.438437 -41.245296
v -5.760021 5.096038 -39.714897
v -4.414285 2.445314 -41.227772
v -5.725630 5.102915 -39.697369
v -4.382664 2.447637 -41.204708
v -5.694009 5.105237 -39.674309
v -4.355028 2.445314 -41.176994
v -5.666373 5.102915 -39.646595
v -4.332438 2.438437 -41.145699
v -5.643783 5.096038 -39.615295
v -4.315763 2.427270 -41.112015
v -5.627109 5.084870 -39.581615
v -4.305645 2.412241 -41.077248
v -5.616990 5.069841 -39.546844
v -4.302470 2.393928 -41.042725
v -5.613815 5.051528 -39.512325
v -4.306362 2.373034 -41.009777
v -5.617707 5.030634 -39.479378
v -4.317171 2.350364 -40.979671
v -5.628516 5.007964 -39.449272
v -4.334482 2.326787 -40.953564
v -5.645827 4.984387 -39.423164
v -4.357629 2.303210 -40.932457
v -5.668974 4.960811 -39.402054
v -4.385723 2.280540 -40.917160
v -5.697068 4.938140 -39.386761
v -4.417685 2.259647 -40.908264
v -5.729030 4.917247 -39.377865
v -4.452284 2.241333 -40.906109
v -5.763629 4.898934 -39.375710
v -4.488194 2.226305 -40.910782
v -5.799539 4.883904 -39.380379
v -4.524033 2.215137 -40.922096
v -5.835378 4.872737 -39.391697
v -4.558424 2.208260 -40.939625
v -5.869769 4.865860 -39.409222
vn -0.5904 -0.6013 0.5384
vn -0.7166 -0.5782 0.3901
vn -0.8152 -0.5329 0.2269
vn -0.8825 -0.4671 0.0549
vn -0.9159 -0.3833 -0.1191
vn -0.9141 -0.2848 -0.2886
vn -0.8772 -0.1754 -0.4470
vn -0.8065 -0.0592 -0.5882
vn -0.7049 0.0592 -0.7068
vn -0.5762 0.1754 -0.7983
vn -0.4253 0.2848 -0.8591
vn -0.2581 0.3833 -0.8868
vn -0.0810 0.4671 -0.8805
vn 0.0993 0.5329 -0.8403
vn 0.2757 0.5782 -0.7679
vn 0.4415 0.6013 -0.6659
vn 0.5904 0.6013 -0.5384
vn 0.7166 0.5782 -0.3901
vn 0.8152 0.5329 -0.2269
vn 0.8825 0.4671 -0.0549
vn 0.9159 0.3833 0.1191
vn 0.9141 0.2848 0.2886
vn 0.8772 0.1754 0.4470
vn 0.8065 0.0592 0.5882
vn 0.7049 -0.0592 0.7068
vn 0.5762 -0.1754 0.7983
vn 0.4253 -0.2848 0.8591
vn 0.2581 -0.3833 0.8868
vn 0.0810 -0.4671 0.8805
vn -0.0993 -0.5329 0.8403
vn -0.3932 0.7968 0.4588
vn -0.2757 -0.5782 0.7679
vn -0.4415 -0.6013 0.6659
vn 0.3932 -0.7968 -0.4588
vt 1.000000 0.500000
vt 1.000000 1.000000
vt 0.968750 1.000000
vt 0.968750 0.500000
vt 0.937500 1.000000
vt 0.937500 0.500000
vt 0.906250 1.000000
vt 0.906250 0.500000
vt 0.875000 1.000000
vt 0.875000 0.500000
vt 0.843750 1.000000
vt 0.843750 0.500000
vt 0.812500 1.000000
vt 0.812500 0.500000
vt 0.781250 1.000000
vt 0.781250 0.500000
vt 0.750000 1.000000
vt 0.750000 0.500000
vt 0.718750 1.000000
vt 0.718750 0.500000
vt 0.687500 1.000000
vt 0.687500 0.500000
vt 0.656250 1.000000
vt 0.656250 0.500000
vt 0.625000 1.000000
vt 0.625000 0.500000
vt 0.593750 1.000000
vt 0.593750 0.500000
vt 0.562500 1.000000
vt 0.562500 0.500000
vt 0.531250 1.000000
vt 0.531250 0.500000
vt 0.500000 1.000000
vt 0.500000 0.500000
vt 0.468750 1.000000
vt 0.468750 0.500000
vt 0.437500 1.000000
vt 0.437500 0.500000
vt 0.406250 1.000000
vt 0.406250 0.500000
vt 0.375000 1.000000
vt 0.375000 0.500000
vt 0.343750 1.000000
vt 0.343750 0.500000
vt 0.312500 1.000000
vt 0.312500 0.500000
vt 0.281250 1.000000
vt 0.281250 0.500000
vt 0.250000 1.000000
vt 0.250000 0.500000
vt 0.218750 1.000000
vt 0.218750 0.500000
vt 0.187500 1.000000
vt 0.187500 0.500000
vt 0.156250 1.000000
vt 0.156250 0.500000
vt 0.125000 1.000000
vt 0.125000 0.500000
vt 0.093750 1.000000
vt 0.093750 0.500000
vt 0.062500 1.000000
vt 0.062500 0.500000
vt 0.296822 0.485388
vt 0.250000 0.490000
vt 0.203178 0.485388
vt 0.158156 0.471731
vt 0.116663 0.449553
vt 0.080294 0.419706
vt 0.050447 0.383337
vt 0.028269 0.341844
vt 0.014612 0.296822
vt 0.010000 0.250000
vt 0.014612 0.203178
vt 0.028269 0.158156
vt 0.050447 0.116663
vt 0.080294 0.080294
vt 0.116663 0.050447
vt 0.158156 0.028269
vt 0.203178 0.014612
vt 0.250000 0.010000
vt 0.296822 0.014612
vt 0.341844 0.028269
vt 0.383337 0.050447
vt 0.419706 0.080294
vt 0.449553 0.116663
vt 0.471731 0.158156
vt 0.485388 0.203178
vt 0.490000 0.250000
vt 0.485388 0.296822
vt 0.471731 0.341844
vt 0.449553 0.383337
vt 0.419706 0.419706
vt 0.383337 0.449553
vt 0.341844 0.471731
vt 0.031250 1.000000
vt 0.031250 0.500000
vt 0.000000 1.000000
vt 0.000000 0.500000
vt 0.750000 0.490000
vt 0.796822 0.485388
vt 0.841844 0.471731
vt 0.883337 0.449553
vt 0.919706 0.419706
vt 0.949553 0.383337
vt 0.971731 0.341844
vt 0.985388 0.296822
vt 0.990000 0.250000
vt 0.985388 0.203178
vt 0.971731 0.158156
vt 0.949553 0.116663
vt 0.919706 0.080294
vt 0.883337 0.050447
vt 0.841844 0.028269
vt 0.796822 0.014612
vt 0.750000 0.010000
vt 0.703178 0.014612
vt 0.658156 0.028269
vt 0.616663 0.050447
vt 0.580294 0.080294
vt 0.550447 0.116663
vt 0.528269 0.158156
vt 0.514612 0.203178
vt 0.510000 0.250000
vt 0.514612 0.296822
vt 0.528269 0.341844
vt 0.550447 0.383337
vt 0.580294 0.419706
vt 0.616663 0.449553
vt 0.658156 0.471731
vt 0.703178 0.485388
s 0
usemtl Realistic_Wood_Grain
f 401/821/231 402/822/231 404/823/231 403/824/231
f 403/824/232 404/823/232 406/825/232 405/826/232
f 405/826/233 406/825/233 408/827/233 407/828/233
f 407/828/234 408/827/234 410/829/234 409/830/234
f 409/830/235 410/829/235 412/831/235 411/832/235
f 411/832/236 412/831/236 414/833/236 413/834/236
f 413/834/237 414/833/237 416/835/237 415/836/237
f 415/836/238 416/835/238 418/837/238 417/838/238
f 417/838/239 418/837/239 420/839/239 419/840/239
f 419/840/240 420/839/240 422/841/240 421/842/240
f 421/842/241 422/841/241 424/843/241 423/844/241
f 423/844/242 424/843/242 426/845/242 425/846/242
f 425/846/243 426/845/243 428/847/243 427/848/243
f 427/848/244 428/847/244 430/849/244 429/850/244
f 429/850/245 430/849/245 432/851/245 431/852/245
f 431/852/246 432/851/246 434/853/246 433/854/246
f 433/854/247 434/853/247 436/855/247 435/856/247
f 435/856/248 436/855/248 438/857/248 437/858/248
f 437/858/249 438/857/249 440/859/249 439/860/249
f 439/860/250 440/859/250 442/861/250 441/862/250
f 441/862/251 442/861/251 444/863/251 443/864/251
f 443/864/252 444/863/252 446/865/252 445/866/252
f 445/866/253 446/865/253 448/867/253 447/868/253
f 447/868/254 448/867/254 450/869/254 449/870/254
f 449/870/255 450/869/255 452/871/255 451/872/255
f 451/872/256 452/871/256 454/873/256 453/874/256
f 453/874/257 454/873/257 456/875/257 455/876/257
f 455/876/258 456/875/258 458/877/258 457/878/258
f 457/878/259 458/877/259 460/879/259 459/880/259
f 459/880/260 460/879/260 462/881/260 461/882/260
f 404/883/261 402/884/261 464/885/261 462/886/261 460/887/261 458/888/261 456/889/261 454/890/261 452/891/261 450/892/261 448/893/261 446/894/261 444/895/261 442/896/261 440/897/261 438/898/261 436/899/261 434/900/261 432/901/261 430/902/261 428/903/261 426/904/261 424/905/261 422/906/261 420/907/261 418/908/261 416/909/261 414/910/261 412/911/261 410/912/261 408/913/261 406/914/261
f 461/882/262 462/881/262 464/915/262 463/916/262
f 463/916/263 464/915/263 402/917/263 401/918/263
f 401/919/264 403/920/264 405/921/264 407/922/264 409/923/264 411/924/264 413/925/264 415/926/264 417/927/264 419/928/264 421/929/264 423/930/264 425/931/264 427/932/264 429/933/264 431/934/264 433/935/264 435/936/264 437/937/264 439/938/264 441/939/264 443/940/264 445/941/264 447/942/264 449/943/264 451/944/264 453/945/264 455/946/264 457/947/264 459/948/264 461/949/264 463/950/264
o Cylinder.048
v -11.785631 2.233446 -36.409378
v -11.785631 10.596098 -41.237560
v -11.707595 2.238237 -36.401081
v -11.707595 10.600889 -41.229259
v -11.632558 2.252429 -36.376499
v -11.632558 10.615082 -41.204678
v -11.563403 2.275476 -36.336582
v -11.563403 10.638128 -41.164761
v -11.502789 2.306491 -36.282860
v -11.502789 10.669144 -41.111038
v -11.453043 2.344284 -36.217403
v -11.453043 10.706936 -41.045582
v -11.416080 2.387401 -36.142723
v -11.416080 10.750052 -40.970901
v -11.393317 2.434185 -36.061687
v -11.393317 10.796837 -40.889870
v -11.385632 2.482840 -35.977417
v -11.385632 10.845491 -40.805595
v -11.393317 2.531494 -35.893143
v -11.393317 10.894146 -40.721325
v -11.416080 2.578279 -35.812111
v -11.416080 10.940930 -40.640289
v -11.453043 2.621396 -35.737431
v -11.453043 10.984047 -40.565609
v -11.502789 2.659188 -35.671974
v -11.502789 11.021839 -40.500153
v -11.563403 2.690203 -35.618252
v -11.563403 11.052855 -40.446430
v -11.632558 2.713250 -35.578335
v -11.632558 11.075901 -40.406513
v -11.707595 2.727442 -35.553753
v -11.707595 11.090094 -40.381931
v -11.785631 2.732234 -35.545452
v -11.785631 11.094885 -40.373634
v -11.863667 2.727442 -35.553753
v -11.863667 11.090094 -40.381931
v -11.938704 2.713250 -35.578335
v -11.938704 11.075901 -40.406513
v -12.007859 2.690203 -35.618252
v -12.007859 11.052855 -40.446430
v -12.068474 2.659188 -35.671974
v -12.068474 11.021839 -40.500153
v -12.118219 2.621396 -35.737431
v -12.118219 10.984047 -40.565609
v -12.155183 2.578279 -35.812111
v -12.155183 10.940930 -40.640289
v -12.177945 2.531494 -35.893143
v -12.177945 10.894146 -40.721325
v -12.185631 2.482840 -35.977417
v -12.185631 10.845491 -40.805595
v -12.177945 2.434185 -36.061687
v -12.177945 10.796837 -40.889870
v -12.155183 2.387401 -36.142723
v -12.155183 10.750052 -40.970901
v -12.118219 2.344284 -36.217403
v -12.118219 10.706936 -41.045582
v -12.068474 2.306491 -36.282860
v -12.068474 10.669144 -41.111038
v -12.007859 2.275476 -36.336582
v -12.007859 10.638128 -41.164761
v -11.938704 2.252429 -36.376499
v -11.938704 10.615082 -41.204678
v -11.863667 2.238237 -36.401081
v -11.863667 10.600889 -41.229259
vn 0.1219 -0.4963 -0.8596
vn 0.3538 -0.4677 -0.8100
vn 0.5546 -0.4161 -0.7206
vn 0.7152 -0.3494 -0.6053
vn 0.8353 -0.2749 -0.4761
vn 0.9191 -0.1970 -0.3412
vn 0.9717 -0.1182 -0.2047
vn 0.9969 -0.0394 -0.0682
vn 0.9969 0.0394 0.0682
vn 0.9717 0.1182 0.2047
vn 0.9191 0.1970 0.3412
vn 0.8353 0.2749 0.4761
vn 0.7152 0.3494 0.6053
vn 0.5546 0.4161 0.7206
vn 0.3538 0.4677 0.8100
vn 0.1219 0.4963 0.8596
vn -0.1219 0.4963 0.8596
vn -0.3538 0.4677 0.8100
vn -0.5546 0.4161 0.7206
vn -0.7152 0.3494 0.6053
vn -0.8353 0.2749 0.4761
vn -0.9191 0.1970 0.3412
vn -0.9717 0.1182 0.2047
vn -0.9969 0.0394 0.0682
vn -0.9969 -0.0394 -0.0682
vn -0.9717 -0.1182 -0.2047
vn -0.9191 -0.1970 -0.3412
vn -0.8353 -0.2749 -0.4761
vn -0.7152 -0.3494 -0.6053
vn -0.5546 -0.4161 -0.7206
vn -0.0000 0.8660 -0.5000
vn -0.3538 -0.4677 -0.8100
vn -0.1219 -0.4963 -0.8596
vn -0.0000 -0.8660 0.5000
vt 1.000000 0.500000
vt 1.000000 1.000000
vt 0.968750 1.000000
vt 0.968750 0.500000
vt 0.937500 1.000000
vt 0.937500 0.500000
vt 0.906250 1.000000
vt 0.906250 0.500000
vt 0.875000 1.000000
vt 0.875000 0.500000
vt 0.843750 1.000000
vt 0.843750 0.500000
vt 0.812500 1.000000
vt 0.812500 0.500000
vt 0.781250 1.000000
vt 0.781250 0.500000
vt 0.750000 1.000000
vt 0.750000 0.500000
vt 0.718750 1.000000
vt 0.718750 0.500000
vt 0.687500 1.000000
vt 0.687500 0.500000
vt 0.656250 1.000000
vt 0.656250 0.500000
vt 0.625000 1.000000
vt 0.625000 0.500000
vt 0.593750 1.000000
vt 0.593750 0.500000
vt 0.562500 1.000000
vt 0.562500 0.500000
vt 0.531250 1.000000
vt 0.531250 0.500000
vt 0.500000 1.000000
vt 0.500000 0.500000
vt 0.468750 1.000000
vt 0.468750 0.500000
vt 0.437500 1.000000
vt 0.437500 0.500000
vt 0.406250 1.000000
vt 0.406250 0.500000
vt 0.375000 1.000000
vt 0.375000 0.500000
vt 0.343750 1.000000
vt 0.343750 0.500000
vt 0.312500 1.000000
vt 0.312500 0.500000
vt 0.281250 1.000000
vt 0.281250 0.500000
vt 0.250000 1.000000
vt 0.250000 0.500000
vt 0.218750 1.000000
vt 0.218750 0.500000
vt 0.187500 1.000000
vt 0.187500 0.500000
vt 0.156250 1.000000
vt 0.156250 0.500000
vt 0.125000 1.000000
vt 0.125000 0.500000
vt 0.093750 1.000000
vt 0.093750 0.500000
vt 0.062500 1.000000
vt 0.062500 0.500000
vt 0.296822 0.485388
vt 0.250000 0.490000
vt 0.203178 0.485388
vt 0.158156 0.471731
vt 0.116663 0.449553
vt 0.080294 0.419706
vt 0.050447 0.383337
vt 0.028269 0.341844
vt 0.014612 0.296822
vt 0.010000 0.250000
vt 0.014612 0.203178
vt 0.028269 0.158156
vt 0.050447 0.116663
vt 0.080294 0.080294
vt 0.116663 0.050447
vt 0.158156 0.028269
vt 0.203178 0.014612
vt 0.250000 0.010000
vt 0.296822 0.014612
vt 0.341844 0.028269
vt 0.383337 0.050447
vt 0.419706 0.080294
vt 0.449553 0.116663
vt 0.471731 0.158156
vt 0.485388 0.203178
vt 0.490000 0.250000
vt 0.485388 0.296822
vt 0.471731 0.341844
vt 0.449553 0.383337
vt 0.419706 0.419706
vt 0.383337 0.449553
vt 0.341844 0.471731
vt 0.031250 1.000000
vt 0.031250 0.500000
vt 0.000000 1.000000
vt 0.000000 0.500000
vt 0.750000 0.490000
vt 0.796822 0.485388
vt 0.841844 0.471731
vt 0.883337 0.449553
vt 0.919706 0.419706
vt 0.949553 0.383337
vt 0.971731 0.341844
vt 0.985388 0.296822
vt 0.990000 0.250000
vt 0.985388 0.203178
vt 0.971731 0.158156
vt 0.949553 0.116663
vt 0.919706 0.080294
vt 0.883337 0.050447
vt 0.841844 0.028269
vt 0.796822 0.014612
vt 0.750000 0.010000
vt 0.703178 0.014612
vt 0.658156 0.028269
vt 0.616663 0.050447
vt 0.580294 0.080294
vt 0.550447 0.116663
vt 0.528269 0.158156
vt 0.514612 0.203178
vt 0.510000 0.250000
vt 0.514612 0.296822
vt 0.528269 0.341844
vt 0.550447 0.383337
vt 0.580294 0.419706
vt 0.616663 0.449553
vt 0.658156 0.471731
vt 0.703178 0.485388
s 0
usemtl Realistic_Wood_Grain
f 465/951/265 466/952/265 468/953/265 467/954/265
f 467/954/266 468/953/266 470/955/266 469/956/266
f 469/956/267 470/955/267 472/957/267 471/958/267
f 471/958/268 472/957/268 474/959/268 473/960/268
f 473/960/269 474/959/269 476/961/269 475/962/269
f 475/962/270 476/961/270 478/963/270 477/964/270
f 477/964/271 478/963/271 480/965/271 479/966/271
f 479/966/272 480/965/272 482/967/272 481/968/272
f 481/968/273 482/967/273 484/969/273 483/970/273
f 483/970/274 484/969/274 486/971/274 485/972/274
f 485/972/275 486/971/275 488/973/275 487/974/275
f 487/974/276 488/973/276 490/975/276 489/976/276
f 489/976/277 490/975/277 492/977/277 491/978/277
f 491/978/278 492/977/278 494/979/278 493/980/278
f 493/980/279 494/979/279 496/981/279 495/982/279
f 495/982/280 496/981/280 498/983/280 497/984/280
f 497/984/281 498/983/281 500/985/281 499/986/281
f 499/986/282 500/985/282 502/987/282 501/988/282
f 501/988/283 502/987/283 504/989/283 503/990/283
f 503/990/284 504/989/284 506/991/284 505/992/284
f 505/992/285 506/991/285 508/993/285 507/994/285
f 507/994/286 508/993/286 510/995/286 509/996/286
f 509/996/287 510/995/287 512/997/287 511/998/287
f 511/998/288 512/997/288 514/999/288 513/1000/288
f 513/1000/289 514/999/289 516/1001/289 515/1002/289
f 515/1002/290 516/1001/290 518/1003/290 517/1004/290
f 517/1004/291 518/1003/291 520/1005/291 519/1006/291
f 519/1006/292 520/1005/292 522/1007/292 521/1008/292
f 521/1008/293 522/1007/293 524/1009/293 523/1010/293
f 523/1010/294 524/1009/294 526/1011/294 525/1012/294
f 468/1013/295 466/1014/295 528/1015/295 526/1016/295 524/1017/295 522/1018/295 520/1019/295 518/1020/295 516/1021/295 514/1022/295 512/1023/295 510/1024/295 508/1025/295 506/1026/295 504/1027/295 502/1028/295 500/1029/295 498/1030/295 496/1031/295 494/1032/295 492/1033/295 490/1034/295 488/1035/295 486/1036/295 484/1037/295 482/1038/295 480/1039/295 478/1040/295 476/1041/295 474/1042/295 472/1043/295 470/1044/295
f 525/1012/296 526/1011/296 528/1045/296 527/1046/296
f 527/1046/297 528/1045/297 466/1047/297 465/1048/297
f 465/1049/298 467/1050/298 469/1051/298 471/1052/298 473/1053/298 475/1054/298 477/1055/298 479/1056/298 481/1057/298 483/1058/298 485/1059/298 487/1060/298 489/1061/298 491/1062/298 493/1063/298 495/1064/298 497/1065/298 499/1066/298 501/1067/298 503/1068/298 505/1069/298 507/1070/298 509/1071/298 511/1072/298 513/1073/298 515/1074/298 517/1075/298 519/1076/298 521/1077/298 523/1078/298 525/1079/298 527/1080/298
o Cylinder.049
v -11.785631 2.732234 -43.237560
v -11.785631 11.094885 -38.409378
v -11.707595 2.727442 -43.229259
v -11.707595 11.090094 -38.401081
v -11.632558 2.713250 -43.204678
v -11.632558 11.075901 -38.376499
v -11.563403 2.690203 -43.164761
v -11.563403 11.052855 -38.336582
v -11.502789 2.659188 -43.111038
v -11.502789 11.021839 -38.282860
v -11.453043 2.621396 -43.045582
v -11.453043 10.984047 -38.217403
v -11.416080 2.578279 -42.970901
v -11.416080 10.940930 -38.142723
v -11.393317 2.531494 -42.889870
v -11.393317 10.894146 -38.061687
v -11.385632 2.482840 -42.805595
v -11.385632 10.845491 -37.977417
v -11.393317 2.434185 -42.721325
v -11.393317 10.796837 -37.893143
v -11.416080 2.387401 -42.640289
v -11.416080 10.750052 -37.812111
v -11.453043 2.344284 -42.565609
v -11.453043 10.706936 -37.737431
v -11.502789 2.306491 -42.500153
v -11.502789 10.669144 -37.671974
v -11.563403 2.275476 -42.446430
v -11.563403 10.638128 -37.618252
v -11.632558 2.252429 -42.406513
v -11.632558 10.615082 -37.578335
v -11.707595 2.238237 -42.381931
v -11.707595 10.600889 -37.553753
v -11.785631 2.233446 -42.373634
v -11.785631 10.596098 -37.545452
v -11.863667 2.238237 -42.381931
v -11.863667 10.600889 -37.553753
v -11.938704 2.252429 -42.406513
v -11.938704 10.615082 -37.578335
v -12.007859 2.275476 -42.446430
v -12.007859 10.638128 -37.618252
v -12.068474 2.306491 -42.500153
v -12.068474 10.669144 -37.671974
v -12.118219 2.344284 -42.565609
v -12.118219 10.706936 -37.737431
v -12.155183 2.387401 -42.640289
v -12.155183 10.750052 -37.812111
v -12.177945 2.434185 -42.721325
v -12.177945 10.796837 -37.893143
v -12.185631 2.482840 -42.805595
v -12.185631 10.845491 -37.977417
v -12.177945 2.531494 -42.889870
v -12.177945 10.894146 -38.061687
v -12.155183 2.578279 -42.970901
v -12.155183 10.940930 -38.142723
v -12.118219 2.621396 -43.045582
v -12.118219 10.984047 -38.217403
v -12.068474 2.659188 -43.111038
v -12.068474 11.021839 -38.282860
v -12.007859 2.690203 -43.164761
v -12.007859 11.052855 -38.336582
v -11.938704 2.713250 -43.204678
v -11.938704 11.075901 -38.376499
v -11.863667 2.727442 -43.229259
v -11.863667 11.090094 -38.401081
vn 0.1219 0.4963 -0.8596
vn 0.3538 0.4677 -0.8100
vn 0.5546 0.4161 -0.7206
vn 0.7152 0.3494 -0.6053
vn 0.8353 0.2749 -0.4761
vn 0.9191 0.1970 -0.3412
vn 0.9717 0.1182 -0.2047
vn 0.9969 0.0394 -0.0682
vn 0.9969 -0.0394 0.0682
vn 0.9717 -0.1182 0.2047
vn 0.9191 -0.1970 0.3412
vn 0.8353 -0.2749 0.4761
vn 0.7152 -0.3494 0.6053
vn 0.5546 -0.4161 0.7206
vn 0.3538 -0.4677 0.8100
vn 0.1219 -0.4963 0.8596
vn -0.1219 -0.4963 0.8596
vn -0.3538 -0.4677 0.8100
vn -0.5546 -0.4161 0.7206
vn -0.7152 -0.3494 0.6053
vn -0.8353 -0.2749 0.4761
vn -0.9191 -0.1970 0.3412
vn -0.9717 -0.1182 0.2047
vn -0.9969 -0.0394 0.0682
vn -0.9969 0.0394 -0.0682
vn -0.9717 0.1182 -0.2047
vn -0.9191 0.1970 -0.3412
vn -0.8353 0.2749 -0.4761
vn -0.7152 0.3494 -0.6053
vn -0.5546 0.4161 -0.7206
vn -0.0000 0.8660 0.5000
vn -0.3538 0.4677 -0.8100
vn -0.1219 0.4963 -0.8596
vn -0.0000 -0.8660 -0.5000
vt 1.000000 0.500000
vt 1.000000 1.000000
vt 0.968750 1.000000
vt 0.968750 0.500000
vt 0.937500 1.000000
vt 0.937500 0.500000
vt 0.906250 1.000000
vt 0.906250 0.500000
vt 0.875000 1.000000
vt 0.875000 0.500000
vt 0.843750 1.000000
vt 0.843750 0.500000
vt 0.812500 1.000000
vt 0.812500 0.500000
vt 0.781250 1.000000
vt 0.781250 0.500000
vt 0.750000 1.000000
vt 0.750000 0.500000
vt 0.718750 1.000000
vt 0.718750 0.500000
vt 0.687500 1.000000
vt 0.687500 0.500000
vt 0.656250 1.000000
vt 0.656250 0.500000
vt 0.625000 1.000000
vt 0.625000 0.500000
vt 0.593750 1.000000
vt 0.593750 0.500000
vt 0.562500 1.000000
vt 0.562500 0.500000
vt 0.531250 1.000000
vt 0.531250 0.500000
vt 0.500000 1.000000
vt 0.500000 0.500000
vt 0.468750 1.000000
vt 0.468750 0.500000
vt 0.437500 1.000000
vt 0.437500 0.500000
vt 0.406250 1.000000
vt 0.406250 0.500000
vt 0.375000 1.000000
vt 0.375000 0.500000
vt 0.343750 1.000000
vt 0.343750 0.500000
vt 0.312500 1.000000
vt 0.312500 0.500000
vt 0.281250 1.000000
vt 0.281250 0.500000
vt 0.250000 1.000000
vt 0.250000 0.500000
vt 0.218750 1.000000
vt 0.218750 0.500000
vt 0.187500 1.000000
vt 0.187500 0.500000
vt 0.156250 1.000000
vt 0.156250 0.500000
vt 0.125000 1.000000
vt 0.125000 0.500000
vt 0.093750 1.000000
vt 0.093750 0.500000
vt 0.062500 1.000000
vt 0.062500 0.500000
vt 0.296822 0.485388
vt 0.250000 0.490000
vt 0.203178 0.485388
vt 0.158156 0.471731
vt 0.116663 0.449553
vt 0.080294 0.419706
vt 0.050447 0.383337
vt 0.028269 0.341844
vt 0.014612 0.296822
vt 0.010000 0.250000
vt 0.014612 0.203178
vt 0.028269 0.158156
vt 0.050447 0.116663
vt 0.080294 0.080294
vt 0.116663 0.050447
vt 0.158156 0.028269
vt 0.203178 0.014612
vt 0.250000 0.010000
vt 0.296822 0.014612
vt 0.341844 0.028269
vt 0.383337 0.050447
vt 0.419706 0.080294
vt 0.449553 0.116663
vt 0.471731 0.158156
vt 0.485388 0.203178
vt 0.490000 0.250000
vt 0.485388 0.296822
vt 0.471731 0.341844
vt 0.449553 0.383337
vt 0.419706 0.419706
vt 0.383337 0.449553
vt 0.341844 0.471731
vt 0.031250 1.000000
vt 0.031250 0.500000
vt 0.000000 1.000000
vt 0.000000 0.500000
vt 0.750000 0.490000
vt 0.796822 0.485388
vt 0.841844 0.471731
vt 0.883337 0.449553
vt 0.919706 0.419706
vt 0.949553 0.383337
vt 0.971731 0.341844
vt 0.985388 0.296822
vt 0.990000 0.250000
vt 0.985388 0.203178
vt 0.971731 0.158156
vt 0.949553 0.116663
vt 0.919706 0.080294
vt 0.883337 0.050447
vt 0.841844 0.028269
vt 0.796822 0.014612
vt 0.750000 0.010000
vt 0.703178 0.014612
vt 0.658156 0.028269
vt 0.616663 0.050447
vt 0.580294 0.080294
vt 0.550447 0.116663
vt 0.528269 0.158156
vt 0.514612 0.203178
vt 0.510000 0.250000
vt 0.514612 0.296822
vt 0.528269 0.341844
vt 0.550447 0.383337
vt 0.580294 0.419706
vt 0.616663 0.449553
vt 0.658156 0.471731
vt 0.703178 0.485388
s 0
usemtl Realistic_Wood_Grain
f 529/1081/299 530/1082/299 532/1083/299 531/1084/299
f 531/1084/300 532/1083/300 534/1085/300 533/1086/300
f 533/1086/301 534/1085/301 536/1087/301 535/1088/301
f 535/1088/302 536/1087/302 538/1089/302 537/1090/302
f 537/1090/303 538/1089/303 540/1091/303 539/1092/303
f 539/1092/304 540/1091/304 542/1093/304 541/1094/304
f 541/1094/305 542/1093/305 544/1095/305 543/1096/305
f 543/1096/306 544/1095/306 546/1097/306 545/1098/306
f 545/1098/307 546/1097/307 548/1099/307 547/1100/307
f 547/1100/308 548/1099/308 550/1101/308 549/1102/308
f 549/1102/309 550/1101/309 552/1103/309 551/1104/309
f 551/1104/310 552/1103/310 554/1105/310 553/1106/310
f 553/1106/311 554/1105/311 556/1107/311 555/1108/311
f 555/1108/312 556/1107/312 558/1109/312 557/1110/312
f 557/1110/313 558/1109/313 560/1111/313 559/1112/313
f 559/1112/314 560/1111/314 562/1113/314 561/1114/314
f 561/1114/315 562/1113/315 564/1115/315 563/1116/315
f 563/1116/316 564/1115/316 566/1117/316 565/1118/316
f 565/1118/317 566/1117/317 568/1119/317 567/1120/317
f 567/1120/318 568/1119/318 570/1121/318 569/1122/318
f 569/1122/319 570/1121/319 572/1123/319 571/1124/319
f 571/1124/320 572/1123/320 574/1125/320 573/1126/320
f 573/1126/321 574/1125/321 576/1127/321 575/1128/321
f 575/1128/322 576/1127/322 578/1129/322 577/1130/322
f 577/1130/323 578/1129/323 580/1131/323 579/1132/323
f 579/1132/324 580/1131/324 582/1133/324 581/1134/324
f 581/1134/325 582/1133/325 584/1135/325 583/1136/325
f 583/1136/326 584/1135/326 586/1137/326 585/1138/326
f 585/1138/327 586/1137/327 588/1139/327 587/1140/327
f 587/1140/328 588/1139/328 590/1141/328 589/1142/328
f 532/1143/329 530/1144/329 592/1145/329 590/1146/329 588/1147/329 586/1148/329 584/1149/329 582/1150/329 580/1151/329 578/1152/329 576/1153/329 574/1154/329 572/1155/329 570/1156/329 568/1157/329 566/1158/329 564/1159/329 562/1160/329 560/1161/329 558/1162/329 556/1163/329 554/1164/329 552/1165/329 550/1166/329 548/1167/329 546/1168/329 544/1169/329 542/1170/329 540/1171/329 538/1172/329 536/1173/329 534/1174/329
f 589/1142/330 590/1141/330 592/1175/330 591/1176/330
f 591/1176/331 592/1175/331 530/1177/331 529/1178/331
f 529/1179/332 531/1180/332 533/1181/332 535/1182/332 537/1183/332 539/1184/332 541/1185/332 543/1186/332 545/1187/332 547/1188/332 549/1189/332 551/1190/332 553/1191/332 555/1192/332 557/1193/332 559/1194/332 561/1195/332 563/1196/332 565/1197/332 567/1198/332 569/1199/332 571/1200/332 573/1201/332 575/1202/332 577/1203/332 579/1204/332 581/1205/332 583/1206/332 585/1207/332 587/1208/332 589/1209/332 591/1210/332
o Cylinder.050
v -0.342686 2.233446 -36.409378
v -0.342686 10.596098 -41.237560
v -0.264650 2.238237 -36.401081
v -0.264650 10.600889 -41.229259
v -0.189612 2.252429 -36.376499
v -0.189612 10.615082 -41.204678
v -0.120458 2.275476 -36.336582
v -0.120458 10.638128 -41.164761
v -0.059843 2.306491 -36.282860
v -0.059843 10.669144 -41.111038
v -0.010098 2.344284 -36.217403
v -0.010098 10.706936 -41.045582
v 0.026866 2.387401 -36.142723
v 0.026866 10.750052 -40.970901
v 0.049628 2.434185 -36.061687
v 0.049628 10.796837 -40.889870
v 0.057314 2.482840 -35.977417
v 0.057314 10.845491 -40.805595
v 0.049628 2.531494 -35.893143
v 0.049628 10.894146 -40.721325
v 0.026866 2.578279 -35.812111
v 0.026866 10.940930 -40.640289
v -0.010098 2.621396 -35.737431
v -0.010098 10.984047 -40.565609
v -0.059843 2.659188 -35.671974
v -0.059843 11.021839 -40.500153
v -0.120458 2.690203 -35.618252
v -0.120458 11.052855 -40.446430
v -0.189612 2.713250 -35.578335
v -0.189612 11.075901 -40.406513
v -0.264650 2.727442 -35.553753
v -0.264650 11.090094 -40.381931
v -0.342686 2.732234 -35.545452
v -0.342686 11.094885 -40.373634
v -0.420722 2.727442 -35.553753
v -0.420722 11.090094 -40.381931
v -0.495759 2.713250 -35.578335
v -0.495759 11.075901 -40.406513
v -0.564914 2.690203 -35.618252
v -0.564914 11.052855 -40.446430
v -0.625528 2.659188 -35.671974
v -0.625528 11.021839 -40.500153
v -0.675274 2.621396 -35.737431
v -0.675274 10.984047 -40.565609
v -0.712237 2.578279 -35.812111
v -0.712237 10.940930 -40.640289
v -0.735000 2.531494 -35.893143
v -0.735000 10.894146 -40.721325
v -0.742686 2.482840 -35.977417
v -0.742686 10.845491 -40.805595
v -0.735000 2.434185 -36.061687
v -0.735000 10.796837 -40.889870
v -0.712237 2.387401 -36.142723
v -0.712237 10.750052 -40.970901
v -0.675274 2.344284 -36.217403
v -0.675274 10.706936 -41.045582
v -0.625528 2.306491 -36.282860
v -0.625528 10.669144 -41.111038
v -0.564914 2.275476 -36.336582
v -0.564914 10.638128 -41.164761
v -0.495759 2.252429 -36.376499
v -0.495759 10.615082 -41.204678
v -0.420722 2.238237 -36.401081
v -0.420722 10.600889 -41.229259
vn 0.1219 -0.4963 -0.8596
vn 0.3538 -0.4677 -0.8100
vn 0.5546 -0.4161 -0.7206
vn 0.7152 -0.3494 -0.6053
vn 0.8353 -0.2749 -0.4761
vn 0.9191 -0.1970 -0.3412
vn 0.9717 -0.1182 -0.2047
vn 0.9969 -0.0394 -0.0682
vn 0.9969 0.0394 0.0682
vn 0.9717 0.1182 0.2047
vn 0.9191 0.1970 0.3412
vn 0.8353 0.2749 0.4761
vn 0.7152 0.3494 0.6053
vn 0.5546 0.4161 0.7206
vn 0.3538 0.4677 0.8100
vn 0.1219 0.4963 0.8596
vn -0.1219 0.4963 0.8596
vn -0.3538 0.4677 0.8100
vn -0.5546 0.4161 0.7206
vn -0.7152 0.3494 0.6053
vn -0.8353 0.2749 0.4761
vn -0.9191 0.1970 0.3412
vn -0.9717 0.1182 0.2047
vn -0.9969 0.0394 0.0682
vn -0.9969 -0.0394 -0.0682
vn -0.9717 -0.1182 -0.2047
vn -0.9191 -0.1970 -0.3412
vn -0.8353 -0.2749 -0.4761
vn -0.7152 -0.3494 -0.6053
vn -0.5546 -0.4161 -0.7206
vn -0.0000 0.8660 -0.5000
vn -0.3538 -0.4677 -0.8100
vn -0.1219 -0.4963 -0.8596
vn -0.0000 -0.8660 0.5000
vt 1.000000 0.500000
vt 1.000000 1.000000
vt 0.968750 1.000000
vt 0.968750 0.500000
vt 0.937500 1.000000
vt 0.937500 0.500000
vt 0.906250 1.000000
vt 0.906250 0.500000
vt 0.875000 1.000000
vt 0.875000 0.500000
vt 0.843750 1.000000
vt 0.843750 0.500000
vt 0.812500 1.000000
vt 0.812500 0.500000
vt 0.781250 1.000000
vt 0.781250 0.500000
vt 0.750000 1.000000
vt 0.750000 0.500000
vt 0.718750 1.000000
vt 0.718750 0.500000
vt 0.687500 1.000000
vt 0.687500 0.500000
vt 0.656250 1.000000
vt 0.656250 0.500000
vt 0.625000 1.000000
vt 0.625000 0.500000
vt 0.593750 1.000000
vt 0.593750 0.500000
vt 0.562500 1.000000
vt 0.562500 0.500000
vt 0.531250 1.000000
vt 0.531250 0.500000
vt 0.500000 1.000000
vt 0.500000 0.500000
vt 0.468750 1.000000
vt 0.468750 0.500000
vt 0.437500 1.000000
vt 0.437500 0.500000
vt 0.406250 1.000000
vt 0.406250 0.500000
vt 0.375000 1.000000
vt 0.375000 0.500000
vt 0.343750 1.000000
vt 0.343750 0.500000
vt 0.312500 1.000000
vt 0.312500 0.500000
vt 0.281250 1.000000
vt 0.281250 0.500000
vt 0.250000 1.000000
vt 0.250000 0.500000
vt 0.218750 1.000000
vt 0.218750 0.500000
vt 0.187500 1.000000
vt 0.187500 0.500000
vt 0.156250 1.000000
vt 0.156250 0.500000
vt 0.125000 1.000000
vt 0.125000 0.500000
vt 0.093750 1.000000
vt 0.093750 0.500000
vt 0.062500 1.000000
vt 0.062500 0.500000
vt 0.296822 0.485388
vt 0.250000 0.490000
vt 0.203178 0.485388
vt 0.158156 0.471731
vt 0.116663 0.449553
vt 0.080294 0.419706
vt 0.050447 0.383337
vt 0.028269 0.341844
vt 0.014612 0.296822
vt 0.010000 0.250000
vt 0.014612 0.203178
vt 0.028269 0.158156
vt 0.050447 0.116663
vt 0.080294 0.080294
vt 0.116663 0.050447
vt 0.158156 0.028269
vt 0.203178 0.014612
vt 0.250000 0.010000
vt 0.296822 0.014612
vt 0.341844 0.028269
vt 0.383337 0.050447
vt 0.419706 0.080294
vt 0.449553 0.116663
vt 0.471731 0.158156
vt 0.485388 0.203178
vt 0.490000 0.250000
vt 0.485388 0.296822
vt 0.471731 0.341844
vt 0.449553 0.383337
vt 0.419706 0.419706
vt 0.383337 0.449553
vt 0.341844 0.471731
vt 0.031250 1.000000
vt 0.031250 0.500000
vt 0.000000 1.000000
vt 0.000000 0.500000
vt 0.750000 0.490000
vt 0.796822 0.485388
vt 0.841844 0.471731
vt 0.883337 0.449553
vt 0.919706 0.419706
vt 0.949553 0.383337
vt 0.971731 0.341844
vt 0.985388 0.296822
vt 0.990000 0.250000
vt 0.985388 0.203178
vt 0.971731 0.158156
vt 0.949553 0.116663
vt 0.919706 0.080294
vt 0.883337 0.050447
vt 0.841844 0.028269
vt 0.796822 0.014612
vt 0.750000 0.010000
vt 0.703178 0.014612
vt 0.658156 0.028269
vt 0.616663 0.050447
vt 0.580294 0.080294
vt 0.550447 0.116663
vt 0.528269 0.158156
vt 0.514612 0.203178
vt 0.510000 0.250000
vt 0.514612 0.296822
vt 0.528269 0.341844
vt 0.550447 0.383337
vt 0.580294 0.419706
vt 0.616663 0.449553
vt 0.658156 0.471731
vt 0.703178 0.485388
s 0
usemtl Realistic_Wood_Grain
f 593/1211/333 594/1212/333 596/1213/333 595/1214/333
f 595/1214/334 596/1213/334 598/1215/334 597/1216/334
f 597/1216/335 598/1215/335 600/1217/335 599/1218/335
f 599/1218/336 600/1217/336 602/1219/336 601/1220/336
f 601/1220/337 602/1219/337 604/1221/337 603/1222/337
f 603/1222/338 604/1221/338 606/1223/338 605/1224/338
f 605/1224/339 606/1223/339 608/1225/339 607/1226/339
f 607/1226/340 608/1225/340 610/1227/340 609/1228/340
f 609/1228/341 610/1227/341 612/1229/341 611/1230/341
f 611/1230/342 612/1229/342 614/1231/342 613/1232/342
f 613/1232/343 614/1231/343 616/1233/343 615/1234/343
f 615/1234/344 616/1233/344 618/1235/344 617/1236/344
f 617/1236/345 618/1235/345 620/1237/345 619/1238/345
f 619/1238/346 620/1237/346 622/1239/346 621/1240/346
f 621/1240/347 622/1239/347 624/1241/347 623/1242/347
f 623/1242/348 624/1241/348 626/1243/348 625/1244/348
f 625/1244/349 626/1243/349 628/1245/349 627/1246/349
f 627/1246/350 628/1245/350 630/1247/350 629/1248/350
f 629/1248/351 630/1247/351 632/1249/351 631/1250/351
f 631/1250/352 632/1249/352 634/1251/352 633/1252/352
f 633/1252/353 634/1251/353 636/1253/353 635/1254/353
f 635/1254/354 636/1253/354 638/1255/354 637/1256/354
f 637/1256/355 638/1255/355 640/1257/355 639/1258/355
f 639/1258/356 640/1257/356 642/1259/356 641/1260/356
f 641/1260/357 642/1259/357 644/1261/357 643/1262/357
f 643/1262/358 644/1261/358 646/1263/358 645/1264/358
f 645/1264/359 646/1263/359 648/1265/359 647/1266/359
f 647/1266/360 648/1265/360 650/1267/360 649/1268/360
f 649/1268/361 650/1267/361 652/1269/361 651/1270/361
f 651/1270/362 652/1269/362 654/1271/362 653/1272/362
f 596/1273/363 594/1274/363 656/1275/363 654/1276/363 652/1277/363 650/1278/363 648/1279/363 646/1280/363 644/1281/363 642/1282/363 640/1283/363 638/1284/363 636/1285/363 634/1286/363 632/1287/363 630/1288/363 628/1289/363 626/1290/363 624/1291/363 622/1292/363 620/1293/363 618/1294/363 616/1295/363 614/1296/363 612/1297/363 610/1298/363 608/1299/363 606/1300/363 604/1301/363 602/1302/363 600/1303/363 598/1304/363
f 653/1272/364 654/1271/364 656/1305/364 655/1306/364
f 655/1306/365 656/1305/365 594/1307/365 593/1308/365
f 593/1309/366 595/1310/366 597/1311/366 599/1312/366 601/1313/366 603/1314/366 605/1315/366 607/1316/366 609/1317/366 611/1318/366 613/1319/366 615/1320/366 617/1321/366 619/1322/366 621/1323/366 623/1324/366 625/1325/366 627/1326/366 629/1327/366 631/1328/366 633/1329/366 635/1330/366 637/1331/366 639/1332/366 641/1333/366 643/1334/366 645/1335/366 647/1336/366 649/1337/366 651/1338/366 653/1339/366 655/1340/366
o Cylinder.051
v -0.342686 2.732234 -43.237560
v -0.342686 11.094885 -38.409378
v -0.264650 2.727442 -43.229259
v -0.264650 11.090094 -38.401081
v -0.189612 2.713250 -43.204678
v -0.189612 11.075901 -38.376499
v -0.120458 2.690203 -43.164761
v -0.120458 11.052855 -38.336582
v -0.059843 2.659188 -43.111038
v -0.059843 11.021839 -38.282860
v -0.010098 2.621396 -43.045582
v -0.010098 10.984047 -38.217403
v 0.026866 2.578279 -42.970901
v 0.026866 10.940930 -38.142723
v 0.049628 2.531494 -42.889870
v 0.049628 10.894146 -38.061687
v 0.057314 2.482840 -42.805595
v 0.057314 10.845491 -37.977417
v 0.049628 2.434185 -42.721325
v 0.049628 10.796837 -37.893143
v 0.026866 2.387401 -42.640289
v 0.026866 10.750052 -37.812111
v -0.010098 2.344284 -42.565609
v -0.010098 10.706936 -37.737431
v -0.059843 2.306491 -42.500153
v -0.059843 10.669144 -37.671974
v -0.120458 2.275476 -42.446430
v -0.120458 10.638128 -37.618252
v -0.189612 2.252429 -42.406513
v -0.189612 10.615082 -37.578335
v -0.264650 2.238237 -42.381931
v -0.264650 10.600889 -37.553753
v -0.342686 2.233446 -42.373634
v -0.342686 10.596098 -37.545452
v -0.420722 2.238237 -42.381931
v -0.420722 10.600889 -37.553753
v -0.495759 2.252429 -42.406513
v -0.495759 10.615082 -37.578335
v -0.564914 2.275476 -42.446430
v -0.564914 10.638128 -37.618252
v -0.625528 2.306491 -42.500153
v -0.625528 10.669144 -37.671974
v -0.675274 2.344284 -42.565609
v -0.675274 10.706936 -37.737431
v -0.712237 2.387401 -42.640289
v -0.712237 10.750052 -37.812111
v -0.735000 2.434185 -42.721325
v -0.735000 10.796837 -37.893143
v -0.742686 2.482840 -42.805595
v -0.742686 10.845491 -37.977417
v -0.735000 2.531494 -42.889870
v -0.735000 10.894146 -38.061687
v -0.712237 2.578279 -42.970901
v -0.712237 10.940930 -38.142723
v -0.675274 2.621396 -43.045582
v -0.675274 10.984047 -38.217403
v -0.625528 2.659188 -43.111038
v -0.625528 11.021839 -38.282860
v -0.564914 2.690203 -43.164761
v -0.564914 11.052855 -38.336582
v -0.495759 2.713250 -43.204678
v -0.495759 11.075901 -38.376499
v -0.420722 2.727442 -43.229259
v -0.420722 11.090094 -38.401081
vn 0.1219 0.4963 -0.8596
vn 0.3538 0.4677 -0.8100
vn 0.5546 0.4161 -0.7206
vn 0.7152 0.3494 -0.6053
vn 0.8353 0.2749 -0.4761
vn 0.9191 0.1970 -0.3412
vn 0.9717 0.1182 -0.2047
vn 0.9969 0.0394 -0.0682
vn 0.9969 -0.0394 0.0682
vn 0.9717 -0.1182 0.2047
vn 0.9191 -0.1970 0.3412
vn 0.8353 -0.2749 0.4761
vn 0.7152 -0.3494 0.6053
vn 0.5546 -0.4161 0.7206
vn 0.3538 -0.4677 0.8100
vn 0.1219 -0.4963 0.8596
vn -0.1219 -0.4963 0.8596
vn -0.3538 -0.4677 0.8100
vn -0.5546 -0.4161 0.7206
vn -0.7152 -0.3494 0.6053
vn -0.8353 -0.2749 0.4761
vn -0.9191 -0.1970 0.3412
vn -0.9717 -0.1182 0.2047
vn -0.9969 -0.0394 0.0682
vn -0.9969 0.0394 -0.0682
vn -0.9717 0.1182 -0.2047
vn -0.9191 0.1970 -0.3412
vn -0.8353 0.2749 -0.4761
vn -0.7152 0.3494 -0.6053
vn -0.5546 0.4161 -0.7206
vn -0.0000 0.8660 0.5000
vn -0.3538 0.4677 -0.8100
vn -0.1219 0.4963 -0.8596
vn -0.0000 -0.8660 -0.5000
vt 1.000000 0.500000
vt 1.000000 1.000000
vt 0.968750 1.000000
vt 0.968750 0.500000
vt 0.937500 1.000000
vt 0.937500 0.500000
vt 0.906250 1.000000
vt 0.906250 0.500000
vt 0.875000 1.000000
vt 0.875000 0.500000
vt 0.843750 1.000000
vt 0.843750 0.500000
vt 0.812500 1.000000
vt 0.812500 0.500000
vt 0.781250 1.000000
vt 0.781250 0.500000
vt 0.750000 1.000000
vt 0.750000 0.500000
vt 0.718750 1.000000
vt 0.718750 0.500000
vt 0.687500 1.000000
vt 0.687500 0.500000
vt 0.656250 1.000000
vt 0.656250 0.500000
vt 0.625000 1.000000
vt 0.625000 0.500000
vt 0.593750 1.000000
vt 0.593750 0.500000
vt 0.562500 1.000000
vt 0.562500 0.500000
vt 0.531250 1.000000
vt 0.531250 0.500000
vt 0.500000 1.000000
vt 0.500000 0.500000
vt 0.468750 1.000000
vt 0.468750 0.500000
vt 0.437500 1.000000
vt 0.437500 0.500000
vt 0.406250 1.000000
vt 0.406250 0.500000
vt 0.375000 1.000000
vt 0.375000 0.500000
vt 0.343750 1.000000
vt 0.343750 0.500000
vt 0.312500 1.000000
vt 0.312500 0.500000
vt 0.281250 1.000000
vt 0.281250 0.500000
vt 0.250000 1.000000
vt 0.250000 0.500000
vt 0.218750 1.000000
vt 0.218750 0.500000
vt 0.187500 1.000000
vt 0.187500 0.500000
vt 0.156250 1.000000
vt 0.156250 0.500000
vt 0.125000 1.000000
vt 0.125000 0.500000
vt 0.093750 1.000000
vt 0.093750 0.500000
vt 0.062500 1.000000
vt 0.062500 0.500000
vt 0.296822 0.485388
vt 0.250000 0.490000
vt 0.203178 0.485388
vt 0.158156 0.471731
vt 0.116663 0.449553
vt 0.080294 0.419706
vt 0.050447 0.383337
vt 0.028269 0.341844
vt 0.014612 0.296822
vt 0.010000 0.250000
vt 0.014612 0.203178
vt 0.028269 0.158156
vt 0.050447 0.116663
vt 0.080294 0.080294
vt 0.116663 0.050447
vt 0.158156 0.028269
vt 0.203178 0.014612
vt 0.250000 0.010000
vt 0.296822 0.014612
vt 0.341844 0.028269
vt 0.383337 0.050447
vt 0.419706 0.080294
vt 0.449553 0.116663
vt 0.471731 0.158156
vt 0.485388 0.203178
vt 0.490000 0.250000
vt 0.485388 0.296822
vt 0.471731 0.341844
vt 0.449553 0.383337
vt 0.419706 0.419706
vt 0.383337 0.449553
vt 0.341844 0.471731
vt 0.031250 1.000000
vt 0.031250 0.500000
vt 0.000000 1.000000
vt 0.000000 0.500000
vt 0.750000 0.490000
vt 0.796822 0.485388
vt 0.841844 0.471731
vt 0.883337 0.449553
vt 0.919706 0.419706
vt 0.949553 0.383337
vt 0.971731 0.341844
vt 0.985388 0.296822
vt 0.990000 0.250000
vt 0.985388 0.203178
vt 0.971731 0.158156
vt 0.949553 0.116663
vt 0.919706 0.080294
vt 0.883337 0.050447
vt 0.841844 0.028269
vt 0.796822 0.014612
vt 0.750000 0.010000
vt 0.703178 0.014612
vt 0.658156 0.028269
vt 0.616663 0.050447
vt 0.580294 0.080294
vt 0.550447 0.116663
vt 0.528269 0.158156
vt 0.514612 0.203178
vt 0.510000 0.250000
vt 0.514612 0.296822
vt 0.528269 0.341844
vt 0.550447 0.383337
vt 0.580294 0.419706
vt 0.616663 0.449553
vt 0.658156 0.471731
vt 0.703178 0.485388
s 0
usemtl Realistic_Wood_Grain
f 657/1341/367 658/1342/367 660/1343/367 659/1344/367
f 659/1344/368 660/1343/368 662/1345/368 661/1346/368
f 661/1346/369 662/1345/369 664/1347/369 663/1348/369
f 663/1348/370 664/1347/370 666/1349/370 665/1350/370
f 665/1350/371 666/1349/371 668/1351/371 667/1352/371
f 667/1352/372 668/1351/372 670/1353/372 669/1354/372
f 669/1354/373 670/1353/373 672/1355/373 671/1356/373
f 671/1356/374 672/1355/374 674/1357/374 673/1358/374
f 673/1358/375 674/1357/375 676/1359/375 675/1360/375
f 675/1360/376 676/1359/376 678/1361/376 677/1362/376
f 677/1362/377 678/1361/377 680/1363/377 679/1364/377
f 679/1364/378 680/1363/378 682/1365/378 681/1366/378
f 681/1366/379 682/1365/379 684/1367/379 683/1368/379
f 683/1368/380 684/1367/380 686/1369/380 685/1370/380
f 685/1370/381 686/1369/381 688/1371/381 687/1372/381
f 687/1372/382 688/1371/382 690/1373/382 689/1374/382
f 689/1374/383 690/1373/383 692/1375/383 691/1376/383
f 691/1376/384 692/1375/384 694/1377/384 693/1378/384
f 693/1378/385 694/1377/385 696/1379/385 695/1380/385
f 695/1380/386 696/1379/386 698/1381/386 697/1382/386
f 697/1382/387 698/1381/387 700/1383/387 699/1384/387
f 699/1384/388 700/1383/388 702/1385/388 701/1386/388
f 701/1386/389 702/1385/389 704/1387/389 703/1388/389
f 703/1388/390 704/1387/390 706/1389/390 705/1390/390
f 705/1390/391 706/1389/391 708/1391/391 707/1392/391
f 707/1392/392 708/1391/392 710/1393/392 709/1394/392
f 709/1394/393 710/1393/393 712/1395/393 711/1396/393
f 711/1396/394 712/1395/394 714/1397/394 713/1398/394
f 713/1398/395 714/1397/395 716/1399/395 715/1400/395
f 715/1400/396 716/1399/396 718/1401/396 717/1402/396
f 660/1403/397 658/1404/397 720/1405/397 718/1406/397 716/1407/397 714/1408/397 712/1409/397 710/1410/397 708/1411/397 706/1412/397 704/1413/397 702/1414/397 700/1415/397 698/1416/397 696/1417/397 694/1418/397 692/1419/397 690/1420/397 688/1421/397 686/1422/397 684/1423/397 682/1424/397 680/1425/397 678/1426/397 676/1427/397 674/1428/397 672/1429/397 670/1430/397 668/1431/397 666/1432/397 664/1433/397 662/1434/397
f 717/1402/398 718/1401/398 720/1435/398 719/1436/398
f 719/1436/399 720/1435/399 658/1437/399 657/1438/399
f 657/1439/400 659/1440/400 661/1441/400 663/1442/400 665/1443/400 667/1444/400 669/1445/400 671/1446/400 673/1447/400 675/1448/400 677/1449/400 679/1450/400 681/1451/400 683/1452/400 685/1453/400 687/1454/400 689/1455/400 691/1456/400 693/1457/400 695/1458/400 697/1459/400 699/1460/400 701/1461/400 703/1462/400 705/1463/400 707/1464/400 709/1465/400 711/1466/400 713/1467/400 715/1468/400 717/1469/400 719/1470/400
o Cylinder.052
v -12.635189 9.532899 -39.581478
v 0.324811 9.532899 -39.581478
v -12.635189 9.493881 -39.577633
v 0.324811 9.493880 -39.577633
v -12.635189 9.456363 -39.566254
v 0.324811 9.456362 -39.566254
v -12.635189 9.421785 -39.547771
v 0.324811 9.421784 -39.547771
v -12.635189 9.391478 -39.522900
v 0.324811 9.391478 -39.522900
v -12.635189 9.366605 -39.492592
v 0.324811 9.366605 -39.492592
v -12.635189 9.348124 -39.458015
v 0.324811 9.348123 -39.458015
v -12.635189 9.336742 -39.420494
v 0.324811 9.336741 -39.420494
v -12.635189 9.332899 -39.381477
v 0.324811 9.332899 -39.381477
v -12.635189 9.336742 -39.342461
v 0.324811 9.336741 -39.342461
v -12.635189 9.348124 -39.304939
v 0.324811 9.348123 -39.304939
v -12.635189 9.366605 -39.270363
v 0.324811 9.366605 -39.270363
v -12.635189 9.391478 -39.240055
v 0.324811 9.391478 -39.240055
v -12.635189 9.421785 -39.215183
v 0.324811 9.421784 -39.215183
v -12.635189 9.456363 -39.196701
v 0.324811 9.456362 -39.196701
v -12.635189 9.493881 -39.185322
v 0.324811 9.493880 -39.185322
v -12.635189 9.532899 -39.181477
v 0.324811 9.532899 -39.181477
v -12.635189 9.571918 -39.185322
v 0.324811 9.571917 -39.185322
v -12.635189 9.609436 -39.196701
v 0.324811 9.609435 -39.196701
v -12.635189 9.644013 -39.215183
v 0.324811 9.644012 -39.215183
v -12.635189 9.674320 -39.240055
v 0.324811 9.674320 -39.240055
v -12.635189 9.699193 -39.270363
v 0.324811 9.699193 -39.270363
v -12.635189 9.717675 -39.304939
v 0.324811 9.717674 -39.304939
v -12.635189 9.729056 -39.342461
v 0.324811 9.729055 -39.342461
v -12.635189 9.732899 -39.381477
v 0.324811 9.732899 -39.381477
v -12.635189 9.729056 -39.420494
v 0.324811 9.729055 -39.420494
v -12.635189 9.717675 -39.458015
v 0.324811 9.717674 -39.458015
v -12.635189 9.699193 -39.492592
v 0.324811 9.699193 -39.492592
v -12.635189 9.674320 -39.522900
v 0.324811 9.674320 -39.522900
v -12.635189 9.644013 -39.547771
v 0.324811 9.644012 -39.547771
v -12.635189 9.609436 -39.566254
v 0.324811 9.609435 -39.566254
v -12.635189 9.571918 -39.577633
v 0.324811 9.571917 -39.577633
vn -0.0000 -0.0980 -0.9952
vn -0.0000 -0.2903 -0.9569
vn -0.0000 -0.4714 -0.8819
vn -0.0000 -0.6344 -0.7730
vn -0.0000 -0.7730 -0.6344
vn -0.0000 -0.8819 -0.4714
vn -0.0000 -0.9569 -0.2903
vn -0.0000 -0.9952 -0.0980
vn -0.0000 -0.9952 0.0980
vn -0.0000 -0.9569 0.2903
vn -0.0000 -0.8819 0.4714
vn -0.0000 -0.7730 0.6344
vn -0.0000 -0.6344 0.7730
vn -0.0000 -0.4714 0.8819
vn -0.0000 -0.2903 0.9569
vn -0.0000 -0.0980 0.9952
vn -0.0000 0.0980 0.9952
vn -0.0000 0.2903 0.9569
vn -0.0000 0.4714 0.8819
vn -0.0000 0.6344 0.7730
vn -0.0000 0.7730 0.6344
vn -0.0000 0.8819 0.4714
vn -0.0000 0.9569 0.2903
vn -0.0000 0.9952 0.0980
vn -0.0000 0.9952 -0.0980
vn -0.0000 0.9569 -0.2903
vn -0.0000 0.8819 -0.4714
vn -0.0000 0.7730 -0.6344
vn -0.0000 0.6344 -0.7730
vn -0.0000 0.4714 -0.8819
vn 1.0000 -0.0000 -0.0000
vn -0.0000 0.2903 -0.9569
vn -0.0000 0.0980 -0.9952
vn -1.0000 -0.0000 -0.0000
vt 1.000000 0.500000
vt 1.000000 1.000000
vt 0.968750 1.000000
vt 0.968750 0.500000
vt 0.937500 1.000000
vt 0.937500 0.500000
vt 0.906250 1.000000
vt 0.906250 0.500000
vt 0.875000 1.000000
vt 0.875000 0.500000
vt 0.843750 1.000000
vt 0.843750 0.500000
vt 0.812500 1.000000
vt 0.812500 0.500000
vt 0.781250 1.000000
vt 0.781250 0.500000
vt 0.750000 1.000000
vt 0.750000 0.500000
vt 0.718750 1.000000
vt 0.718750 0.500000
vt 0.687500 1.000000
vt 0.687500 0.500000
vt 0.656250 1.000000
vt 0.656250 0.500000
vt 0.625000 1.000000
vt 0.625000 0.500000
vt 0.593750 1.000000
vt 0.593750 0.500000
vt 0.562500 1.000000
vt 0.562500 0.500000
vt 0.531250 1.000000
vt 0.531250 0.500000
vt 0.500000 1.000000
vt 0.500000 0.500000
vt 0.468750 1.000000
vt 0.468750 0.500000
vt 0.437500 1.000000
vt 0.437500 0.500000
vt 0.406250 1.000000
vt 0.406250 0.500000
vt 0.375000 1.000000
vt 0.375000 0.500000
vt 0.343750 1.000000
vt 0.343750 0.500000
vt 0.312500 1.000000
vt 0.312500 0.500000
vt 0.281250 1.000000
vt 0.281250 0.500000
vt 0.250000 1.000000
vt 0.250000 0.500000
vt 0.218750 1.000000
vt 0.218750 0.500000
vt 0.187500 1.000000
vt 0.187500 0.500000
vt 0.156250 1.000000
vt 0.156250 0.500000
vt 0.125000 1.000000
vt 0.125000 0.500000
vt 0.093750 1.000000
vt 0.093750 0.500000
vt 0.062500 1.000000
vt 0.062500 0.500000
vt 0.296822 0.485388
vt 0.250000 0.490000
vt 0.203178 0.485388
vt 0.158156 0.471731
vt 0.116663 0.449553
vt 0.080294 0.419706
vt 0.050447 0.383337
vt 0.028269 0.341844
vt 0.014612 0.296822
vt 0.010000 0.250000
vt 0.014612 0.203178
vt 0.028269 0.158156
vt 0.050447 0.116663
vt 0.080294 0.080294
vt 0.116663 0.050447
vt 0.158156 0.028269
vt 0.203178 0.014612
vt 0.250000 0.010000
vt 0.296822 0.014612
vt 0.341844 0.028269
vt 0.383337 0.050447
vt 0.419706 0.080294
vt 0.449553 0.116663
vt 0.471731 0.158156
vt 0.485388 0.203178
vt 0.490000 0.250000
vt 0.485388 0.296822
vt 0.471731 0.341844
vt 0.449553 0.383337
vt 0.419706 0.419706
vt 0.383337 0.449553
vt 0.341844 0.471731
vt 0.031250 1.000000
vt 0.031250 0.500000
vt 0.000000 1.000000
vt 0.000000 0.500000
vt 0.750000 0.490000
vt 0.796822 0.485388
vt 0.841844 0.471731
vt 0.883337 0.449553
vt 0.919706 0.419706
vt 0.949553 0.383337
vt 0.971731 0.341844
vt 0.985388 0.296822
vt 0.990000 0.250000
vt 0.985388 0.203178
vt 0.971731 0.158156
vt 0.949553 0.116663
vt 0.919706 0.080294
vt 0.883337 0.050447
vt 0.841844 0.028269
vt 0.796822 0.014612
vt 0.750000 0.010000
vt 0.703178 0.014612
vt 0.658156 0.028269
vt 0.616663 0.050447
vt 0.580294 0.080294
vt 0.550447 0.116663
vt 0.528269 0.158156
vt 0.514612 0.203178
vt 0.510000 0.250000
vt 0.514612 0.296822
vt 0.528269 0.341844
vt 0.550447 0.383337
vt 0.580294 0.419706
vt 0.616663 0.449553
vt 0.658156 0.471731
vt 0.703178 0.485388
s 0
usemtl Realistic_Wood_Grain
f 721/1471/401 722/1472/401 724/1473/401 723/1474/401
f 723/1474/402 724/1473/402 726/1475/402 725/1476/402
f 725/1476/403 726/1475/403 728/1477/403 727/1478/403
f 727/1478/404 728/1477/404 730/1479/404 729/1480/404
f 729/1480/405 730/1479/405 732/1481/405 731/1482/405
f 731/1482/406 732/1481/406 734/1483/406 733/1484/406
f 733/1484/407 734/1483/407 736/1485/407 735/1486/407
f 735/1486/408 736/1485/408 738/1487/408 737/1488/408
f 737/1488/409 738/1487/409 740/1489/409 739/1490/409
f 739/1490/410 740/1489/410 742/1491/410 741/1492/410
f 741/1492/411 742/1491/411 744/1493/411 743/1494/411
f 743/1494/412 744/1493/412 746/1495/412 745/1496/412
f 745/1496/413 746/1495/413 748/1497/413 747/1498/413
f 747/1498/414 748/1497/414 750/1499/414 749/1500/414
f 749/1500/415 750/1499/415 752/1501/415 751/1502/415
f 751/1502/416 752/1501/416 754/1503/416 753/1504/416
f 753/1504/417 754/1503/417 756/1505/417 755/1506/417
f 755/1506/418 756/1505/418 758/1507/418 757/1508/418
f 757/1508/419 758/1507/419 760/1509/419 759/1510/419
f 759/1510/420 760/1509/420 762/1511/420 761/1512/420
f 761/1512/421 762/1511/421 764/1513/421 763/1514/421
f 763/1514/422 764/1513/422 766/1515/422 765/1516/422
f 765/1516/423 766/1515/423 768/1517/423 767/1518/423
f 767/1518/424 768/1517/424 770/1519/424 769/1520/424
f 769/1520/425 770/1519/425 772/1521/425 771/1522/425
f 771/1522/426 772/1521/426 774/1523/426 773/1524/426
f 773/1524/427 774/1523/427 776/1525/427 775/1526/427
f 775/1526/428 776/1525/428 778/1527/428 777/1528/428
f 777/1528/429 778/1527/429 780/1529/429 779/1530/429
f 779/1530/430 780/1529/430 782/1531/430 781/1532/430
f 724/1533/431 722/1534/431 784/1535/431 782/1536/431 780/1537/431 778/1538/431 776/1539/431 774/1540/431 772/1541/431 770/1542/431 768/1543/431 766/1544/431 764/1545/431 762/1546/431 760/1547/431 758/1548/431 756/1549/431 754/1550/431 752/1551/431 750/1552/431 748/1553/431 746/1554/431 744/1555/431 742/1556/431 740/1557/431 738/1558/431 736/1559/431 734/1560/431 732/1561/431 730/1562/431 728/1563/431 726/1564/431
f 781/1532/432 782/1531/432 784/1565/432 783/1566/432
f 783/1566/433 784/1565/433 722/1567/433 721/1568/433
f 721/1569/434 723/1570/434 725/1571/434 727/1572/434 729/1573/434 731/1574/434 733/1575/434 735/1576/434 737/1577/434 739/1578/434 741/1579/434 743/1580/434 745/1581/434 747/1582/434 749/1583/434 751/1584/434 753/1585/434 755/1586/434 757/1587/434 759/1588/434 761/1589/434 763/1590/434 765/1591/434 767/1592/434 769/1593/434 771/1594/434 773/1595/434 775/1596/434 777/1597/434 779/1598/434 781/1599/434 783/1600/434
o Cylinder.053
v -8.160846 6.616691 -39.446159
v -7.854363 9.336053 -39.446159
v -8.115972 6.616691 -39.915688
v -7.815378 9.336053 -39.854069
v -7.983074 6.616691 -40.367168
v -7.699922 9.336053 -40.246304
v -7.767261 6.616691 -40.783260
v -7.512429 9.336053 -40.607788
v -7.476824 6.616691 -41.147964
v -7.260108 9.336053 -40.924629
v -7.122926 6.616691 -41.447269
v -6.952653 9.336053 -41.184658
v -6.719167 6.616691 -41.669674
v -6.601881 9.336053 -41.377876
v -6.281063 6.616691 -41.806633
v -6.221271 9.336053 -41.496857
v -5.825449 6.616691 -41.852875
v -5.825449 9.336053 -41.537033
v -5.369836 6.616691 -41.806633
v -5.429627 9.336053 -41.496857
v -4.931731 6.616691 -41.669674
v -5.049017 9.336053 -41.377876
v -4.527972 6.616691 -41.447269
v -4.698245 9.336053 -41.184658
v -4.174074 6.616691 -41.147964
v -4.390790 9.336053 -40.924629
v -3.883637 6.616691 -40.783260
v -4.138469 9.336053 -40.607788
v -3.667824 6.616691 -40.367168
v -3.950977 9.336053 -40.246304
v -3.534926 6.616691 -39.915688
v -3.835520 9.336053 -39.854069
v -3.490052 6.616691 -39.446159
v -3.796535 9.336053 -39.446159
v -3.534926 6.616691 -38.976631
v -3.835520 9.336053 -39.038250
v -3.667824 6.616691 -38.525150
v -3.950977 9.336053 -38.646015
v -3.883637 6.616691 -38.109058
v -4.138469 9.336053 -38.284531
v -4.174074 6.616691 -37.744354
v -4.390790 9.336053 -37.967690
v -4.527972 6.616691 -37.445049
v -4.698245 9.336053 -37.707661
v -4.931731 6.616691 -37.222645
v -5.049017 9.336053 -37.514442
v -5.369835 6.616691 -37.085686
v -5.429627 9.336053 -37.395462
v -5.825449 6.616691 -37.039444
v -5.825449 9.336053 -37.355286
v -6.281062 6.616691 -37.085686
v -6.221271 9.336053 -37.395462
v -6.719167 6.616691 -37.222645
v -6.601881 9.336053 -37.514442
v -7.122926 6.616691 -37.445049
v -6.952653 9.336053 -37.707661
v -7.476824 6.616691 -37.744354
v -7.260108 9.336053 -37.967690
v -7.767261 6.616691 -38.109058
v -7.512429 9.336053 -38.284531
v -7.983074 6.616691 -38.525150
v -7.699922 9.336053 -38.646015
v -8.115972 6.616691 -38.976631
v -7.815378 9.336053 -39.038250
v -8.115972 9.336053 -39.915688
v -8.160846 9.336053 -39.446159
v -7.983074 9.336053 -40.367168
v -7.767261 9.336053 -40.783260
v -7.476824 9.336053 -41.147964
v -7.122926 9.336053 -41.447269
v -6.719167 9.336053 -41.669674
v -6.281063 9.336053 -41.806633
v -5.825449 9.336053 -41.852875
v -5.369836 9.336053 -41.806633
v -4.931731 9.336053 -41.669674
v -4.527972 9.336053 -41.447269
v -4.174074 9.336053 -41.147964
v -3.883637 9.336053 -40.783260
v -3.667824 9.336053 -40.367168
v -3.534926 9.336053 -39.915688
v -3.490052 9.336053 -39.446159
v -3.534926 9.336053 -38.976631
v -3.667824 9.336053 -38.525150
v -3.883637 9.336053 -38.109058
v -4.174074 9.336053 -37.744354
v -4.527972 9.336053 -37.445049
v -4.931731 9.336053 -37.222645
v -5.369835 9.336053 -37.085686
v -5.825449 9.336053 -37.039444
v -6.281062 9.336053 -37.085686
v -6.719167 9.336053 -37.222645
v -7.122926 9.336053 -37.445049
v -7.476824 9.336053 -37.744354
v -7.767261 9.336053 -38.109058
v -7.983074 9.336053 -38.525150
v -8.115972 9.336053 -38.976631
v -7.854363 8.103122 -39.446159
v -7.815378 8.103122 -39.854069
v -7.699922 8.103122 -40.246304
v -7.512429 8.103122 -40.607788
v -7.260108 8.103122 -40.924629
v -6.952653 8.103122 -41.184658
v -6.601881 8.103122 -41.377876
v -6.221271 8.103122 -41.496857
v -5.825449 8.103122 -41.537033
v -5.429627 8.103122 -41.496857
v -5.049017 8.103122 -41.377876
v -4.698245 8.103122 -41.184658
v -4.390790 8.103122 -40.924633
v -4.138469 8.103122 -40.607788
v -3.950977 8.103122 -40.246304
v -3.835520 8.103122 -39.854069
v -3.796535 8.103122 -39.446159
v -3.835520 8.103122 -39.038250
v -3.950977 8.103122 -38.646015
v -4.138469 8.103122 -38.284531
v -4.390790 8.103122 -37.967690
v -4.698245 8.103122 -37.707661
v -5.049017 8.103122 -37.514442
v -5.429627 8.103122 -37.395462
v -5.825449 8.103122 -37.355286
v -6.221271 8.103122 -37.395462
v -6.601881 8.103122 -37.514442
v -6.952653 8.103122 -37.707661
v -7.260108 8.103122 -37.967690
v -7.512429 8.103122 -38.284531
v -7.699922 8.103122 -38.646015
v -7.815378 8.103122 -39.038250
v -7.854363 7.234097 -39.446159
v -7.815378 7.234097 -39.854069
v -7.699922 7.234097 -40.246304
v -7.512429 7.234097 -40.607788
v -7.260108 7.234097 -40.924629
v -6.952653 7.234097 -41.184658
v -6.601881 7.234097 -41.377876
v -6.221271 7.234097 -41.496857
v -5.825449 7.234097 -41.537033
v -5.429627 7.234097 -41.496857
v -5.049017 7.234097 -41.377876
v -4.698245 7.234097 -41.184658
v -4.390790 7.234097 -40.924633
v -4.138469 7.234097 -40.607788
v -3.950977 7.234097 -40.246304
v -3.835520 7.234097 -39.854069
v -3.796535 7.234097 -39.446159
v -3.835520 7.234097 -39.038250
v -3.950977 7.234097 -38.646015
v -4.138469 7.234097 -38.284531
v -4.390790 7.234097 -37.967690
v -4.698245 7.234097 -37.707661
v -5.049017 7.234097 -37.514442
v -5.429627 7.234097 -37.395462
v -5.825449 7.234097 -37.355286
v -6.221271 7.234097 -37.395462
v -6.601881 7.234097 -37.514442
v -6.952653 7.234097 -37.707661
v -7.260108 7.234097 -37.967690
v -7.512429 7.234097 -38.284531
v -7.699922 7.234097 -38.646015
v -7.815378 7.234097 -39.038250
v -8.160846 7.976372 -39.446159
v -8.115972 7.976372 -39.915688
v -7.983074 7.976372 -40.367168
v -7.767261 7.976372 -40.783260
v -7.476824 7.976372 -41.147964
v -7.122926 7.976372 -41.447269
v -6.719167 7.976372 -41.669674
v -6.281063 7.976372 -41.806633
v -5.825449 7.976372 -41.852875
v -5.369836 7.976372 -41.806633
v -4.931731 7.976372 -41.669674
v -4.527972 7.976372 -41.447269
v -4.174074 7.976372 -41.147964
v -3.883637 7.976372 -40.783260
v -3.667824 7.976372 -40.367168
v -3.534926 7.976372 -39.915688
v -3.490052 7.976372 -39.446159
v -3.534926 7.976372 -38.976631
v -3.667824 7.976372 -38.525150
v -3.883637 7.976372 -38.109058
v -4.174074 7.976372 -37.744354
v -4.527972 7.976372 -37.445049
v -4.931731 7.976372 -37.222645
v -5.369835 7.976372 -37.085686
v -5.825449 7.976372 -37.039444
v -6.281062 7.976372 -37.085686
v -6.719167 7.976372 -37.222645
v -7.122926 7.976372 -37.445049
v -7.476824 7.976372 -37.744354
v -7.767261 7.976372 -38.109058
v -7.983074 7.976372 -38.525150
v -8.115972 7.976372 -38.976631
v -8.160846 8.656212 -39.446159
v -8.115972 8.656212 -39.915688
v -7.983074 8.656212 -40.367168
v -7.767261 8.656212 -40.783260
v -7.476824 8.656212 -41.147964
v -7.122926 8.656212 -41.447269
v -6.719167 8.656212 -41.669674
v -6.281063 8.656212 -41.806633
v -5.825449 8.656212 -41.852875
v -5.369836 8.656212 -41.806633
v -4.931731 8.656212 -41.669674
v -4.527972 8.656212 -41.447269
v -4.174074 8.656212 -41.147964
v -3.883637 8.656212 -40.783260
v -3.667824 8.656212 -40.367168
v -3.534926 8.656212 -39.915688
v -3.490052 8.656212 -39.446159
v -3.534926 8.656212 -38.976631
v -3.667824 8.656212 -38.525150
v -3.883637 8.656212 -38.109058
v -4.174074 8.656212 -37.744354
v -4.527972 8.656212 -37.445049
v -4.931731 8.656212 -37.222645
v -5.369835 8.656212 -37.085686
v -5.825449 8.656212 -37.039444
v -6.281062 8.656212 -37.085686
v -6.719167 8.656212 -37.222645
v -7.122926 8.656212 -37.445049
v -7.476824 8.656212 -37.744354
v -7.767261 8.656212 -38.109058
v -7.983074 8.656212 -38.525150
v -8.115972 8.656212 -38.976631
v -8.160846 8.996132 -39.446159
v -8.115972 8.996132 -39.915688
v -7.983074 8.996132 -40.367168
v -7.767261 8.996132 -40.783260
v -7.476824 8.996132 -41.147964
v -7.122926 8.996132 -41.447269
v -6.719167 8.996132 -41.669674
v -6.281063 8.996132 -41.806633
v -5.825449 8.996132 -41.852875
v -5.369836 8.996132 -41.806633
v -4.931731 8.996132 -41.669674
v -4.527972 8.996132 -41.447269
v -4.174074 8.996132 -41.147964
v -3.883637 8.996132 -40.783260
v -3.667824 8.996132 -40.367168
v -3.534926 8.996132 -39.915688
v -3.490052 8.996132 -39.446159
v -3.534926 8.996132 -38.976631
v -3.667824 8.996132 -38.525150
v -3.883637 8.996132 -38.109058
v -4.174074 8.996132 -37.744354
v -4.527972 8.996132 -37.445049
v -4.931731 8.996132 -37.222645
v -5.369835 8.996132 -37.085686
v -5.825449 8.996132 -37.039444
v -6.281062 8.996132 -37.085686
v -6.719167 8.996132 -37.222645
v -7.122926 8.996132 -37.445049
v -7.476824 8.996132 -37.744354
v -7.767261 8.996132 -38.109058
v -7.983074 8.996132 -38.525150
v -8.115972 8.996132 -38.976631
v -7.983074 9.937341 -40.367168
v -8.115972 9.937341 -39.915688
v -3.534926 9.937341 -39.915688
v -3.667824 9.937341 -40.367168
v -3.667824 9.937341 -38.525150
v -3.534926 9.937341 -38.976631
v -8.115972 9.937341 -38.976631
v -7.983074 9.937341 -38.525150
v -7.699922 9.937341 -40.246304
v -7.815378 9.937341 -39.854069
v -3.835520 9.937341 -39.854069
v -3.950977 9.937341 -40.246304
v -3.950977 9.937341 -38.646015
v -3.835520 9.937341 -39.038250
v -7.815378 9.937341 -39.038250
v -7.699922 9.937341 -38.646015
v -7.815378 9.636697 -39.854069
v -8.115972 9.636697 -39.915688
v -7.983074 9.636697 -40.367168
v -7.699922 9.636697 -40.246304
v -7.699922 9.636697 -38.646015
v -7.983074 9.636697 -38.525150
v -8.115972 9.636697 -38.976631
v -7.815378 9.636697 -39.038250
v -3.534926 9.636697 -39.915688
v -3.835520 9.636697 -39.854069
v -3.950977 9.636697 -40.246304
v -3.667824 9.636697 -40.367168
v -3.950977 9.636697 -38.646015
v -3.835520 9.636697 -39.038250
v -3.534926 9.636697 -38.976631
v -3.667824 9.636697 -38.525150
v -3.760237 9.937341 -39.428276
v -3.459644 9.937341 -39.366661
v -3.760237 9.636697 -39.428276
v -3.459644 9.636697 -39.366661
v -3.754177 9.937341 -39.432644
v -3.453584 9.937341 -39.494263
v -3.453584 9.636697 -39.494263
v -3.754177 9.636697 -39.432644
v -3.745018 9.937341 -39.385189
v -3.444424 9.937341 -39.446808
v -3.444424 9.636697 -39.446808
v -3.745018 9.636697 -39.385189
v -3.743231 9.937341 -39.516388
v -3.442637 9.937341 -39.454769
v -3.743231 9.636697 -39.516388
v -3.442637 9.636697 -39.454769
v -7.904070 9.937341 -39.497749
v -8.204663 9.937341 -39.436131
v -8.204663 9.636697 -39.436131
v -7.904070 9.636697 -39.497749
v -7.912055 9.937341 -39.353199
v -8.212648 9.937341 -39.414818
v -7.912055 9.636697 -39.353199
v -8.212648 9.636697 -39.414818
v -7.815378 8.398294 -39.854069
v -7.854363 8.398294 -39.446159
v -7.699922 8.398294 -40.246304
v -7.512429 8.398294 -40.607788
v -7.260108 8.398294 -40.924629
v -6.952653 8.398294 -41.184658
v -6.601881 8.398294 -41.377876
v -6.221271 8.398294 -41.496857
v -5.825449 8.398294 -41.537033
v -5.429627 8.398294 -41.496857
v -5.049017 8.398294 -41.377876
v -4.698245 8.398294 -41.184658
v -4.390790 8.398294 -40.924633
v -4.138469 8.398294 -40.607788
v -3.950977 8.398294 -40.246304
v -3.835520 8.398294 -39.854069
v -3.796535 8.398294 -39.446159
v -3.835520 8.398294 -39.038250
v -3.950977 8.398294 -38.646015
v -4.138469 8.398294 -38.284531
v -4.390790 8.398294 -37.967690
v -4.698245 8.398294 -37.707661
v -5.049017 8.398294 -37.514442
v -5.429627 8.398294 -37.395462
v -5.825449 8.398294 -37.355286
v -6.221271 8.398294 -37.395462
v -6.601881 8.398294 -37.514442
v -6.952653 8.398294 -37.707661
v -7.260108 8.398294 -37.967690
v -7.512429 8.398294 -38.284531
v -7.699922 8.398294 -38.646015
v -7.815378 8.398294 -39.038250
vn -0.9955 -0.0000 -0.0951
vn -0.9593 -0.0000 -0.2824
vn -0.8877 -0.0000 -0.4604
vn -0.7823 -0.0000 -0.6230
vn -0.6458 -0.0000 -0.7635
vn -0.4825 -0.0000 -0.8759
vn -0.2984 -0.0000 -0.9545
vn -0.1010 -0.0000 -0.9949
vn 0.1010 -0.0000 -0.9949
vn 0.2984 -0.0000 -0.9545
vn 0.4825 -0.0000 -0.8759
vn 0.6458 -0.0000 -0.7635
vn 0.7823 -0.0000 -0.6230
vn 0.8877 -0.0000 -0.4604
vn 0.9593 -0.0000 -0.2824
vn 0.9955 -0.0000 -0.0951
vn 0.9955 -0.0000 0.0951
vn 0.9593 -0.0000 0.2824
vn 0.8877 -0.0000 0.4604
vn 0.7823 -0.0000 0.6230
vn 0.6458 -0.0000 0.7635
vn 0.4825 -0.0000 0.8759
vn 0.2984 -0.0000 0.9544
vn 0.1010 -0.0000 0.9949
vn -0.1010 -0.0000 0.9949
vn -0.2984 -0.0000 0.9544
vn -0.4825 -0.0000 0.8759
vn -0.6458 -0.0000 0.7635
vn -0.7823 -0.0000 0.6230
vn -0.8877 -0.0000 0.4604
vn -0.9593 -0.0000 0.2824
vn -0.9955 -0.0000 0.0951
vn -0.0000 -1.0000 -0.0000
vn -0.0000 1.0000 -0.0000
vn 0.3926 -0.0000 0.9197
vn -0.2984 -0.0000 -0.9544
vn 0.2984 -0.0000 -0.9544
vn 0.3926 -0.0000 -0.9197
vn -0.9819 -0.0000 -0.1895
vn -0.3926 -0.0000 0.9197
vn -0.3926 -0.0000 -0.9197
vn -0.2008 -0.0000 0.9796
vn -0.2008 -0.0000 -0.9796
vn 0.2008 -0.0000 0.9796
vn 0.2008 -0.0000 -0.9796
vn 0.9819 -0.0000 0.1895
vn -0.9819 -0.0000 0.1895
vn 0.9819 -0.0000 -0.1895
vt 1.000000 0.937500
vt 1.000000 1.000000
vt 0.968750 1.000000
vt 0.968750 0.937500
vt 0.937500 1.000000
vt 0.937500 0.937500
vt 0.906250 1.000000
vt 0.906250 0.937500
vt 0.875000 1.000000
vt 0.875000 0.937500
vt 0.843750 1.000000
vt 0.843750 0.937500
vt 0.812500 1.000000
vt 0.812500 0.937500
vt 0.781250 1.000000
vt 0.781250 0.937500
vt 0.750000 1.000000
vt 0.750000 0.937500
vt 0.718750 1.000000
vt 0.718750 0.937500
vt 0.687500 1.000000
vt 0.687500 0.937500
vt 0.656250 1.000000
vt 0.656250 0.937500
vt 0.625000 1.000000
vt 0.625000 0.937500
vt 0.593750 1.000000
vt 0.593750 0.937500
vt 0.562500 1.000000
vt 0.562500 0.937500
vt 0.531250 1.000000
vt 0.531250 0.937500
vt 0.500000 1.000000
vt 0.500000 0.937500
vt 0.468750 1.000000
vt 0.468750 0.937500
vt 0.437500 1.000000
vt 0.437500 0.937500
vt 0.406250 1.000000
vt 0.406250 0.937500
vt 0.375000 1.000000
vt 0.375000 0.937500
vt 0.343750 1.000000
vt 0.343750 0.937500
vt 0.312500 1.000000
vt 0.312500 0.937500
vt 0.281250 1.000000
vt 0.281250 0.937500
vt 0.250000 1.000000
vt 0.250000 0.937500
vt 0.218750 1.000000
vt 0.218750 0.937500
vt 0.187500 1.000000
vt 0.187500 0.937500
vt 0.156250 1.000000
vt 0.156250 0.937500
vt 0.125000 1.000000
vt 0.125000 0.937500
vt 0.093750 1.000000
vt 0.093750 0.937500
vt 0.062500 1.000000
vt 0.062500 0.937500
vt 0.134161 0.076635
vt 0.170209 0.057367
vt 0.031250 1.000000
vt 0.031250 0.937500
vt 0.000000 1.000000
vt 0.000000 0.937500
vt 0.750000 0.490000
vt 0.796822 0.485388
vt 0.841844 0.471731
vt 0.883337 0.449553
vt 0.919706 0.419706
vt 0.949553 0.383337
vt 0.971731 0.341844
vt 0.985388 0.296822
vt 0.990000 0.250000
vt 0.985388 0.203178
vt 0.971731 0.158156
vt 0.949553 0.116663
vt 0.919706 0.080294
vt 0.883337 0.050447
vt 0.841844 0.028269
vt 0.796822 0.014612
vt 0.750000 0.010000
vt 0.703178 0.014612
vt 0.658156 0.028269
vt 0.616663 0.050447
vt 0.580294 0.080294
vt 0.550447 0.116663
vt 0.528269 0.158156
vt 0.514612 0.203178
vt 0.510000 0.250000
vt 0.514612 0.296822
vt 0.528269 0.341844
vt 0.550447 0.383337
vt 0.580294 0.419706
vt 0.616663 0.449553
vt 0.658156 0.471731
vt 0.703178 0.485388
vt 0.250000 0.458504
vt 0.290677 0.454497
vt 0.296822 0.485388
vt 0.250000 0.490000
vt 0.329791 0.442633
vt 0.365839 0.423365
vt 0.383337 0.449553
vt 0.341844 0.471731
vt 0.397435 0.397435
vt 0.419706 0.419706
vt 0.423365 0.365839
vt 0.449553 0.383337
vt 0.442632 0.329791
vt 0.471731 0.341844
vt 0.454498 0.290677
vt 0.485388 0.296822
vt 0.458504 0.250000
vt 0.490000 0.250000
vt 0.454498 0.209323
vt 0.485388 0.203178
vt 0.442632 0.170209
vt 0.471731 0.158156
vt 0.423365 0.134161
vt 0.449553 0.116663
vt 0.397435 0.102565
vt 0.419706 0.080294
vt 0.365839 0.076635
vt 0.383337 0.050447
vt 0.329791 0.057367
vt 0.341844 0.028269
vt 0.158156 0.471731
vt 0.170209 0.442632
vt 0.290677 0.045502
vt 0.250000 0.041496
vt 0.250000 0.010000
vt 0.296822 0.014612
vt 0.209323 0.045502
vt 0.203178 0.014612
vt 0.116663 0.050447
vt 0.158156 0.028269
vt 0.102565 0.102565
vt 0.080294 0.080294
vt 0.076635 0.134161
vt 0.050447 0.116663
vt 0.057367 0.170209
vt 0.028269 0.158156
vt 0.045502 0.209323
vt 0.014612 0.203178
vt 0.041496 0.250000
vt 0.010000 0.250000
vt 0.045502 0.290677
vt 0.014612 0.296822
vt 0.057367 0.329791
vt 0.028269 0.341844
vt 0.076635 0.365839
vt 0.050447 0.383337
vt 0.102565 0.397435
vt 0.080294 0.419706
vt 0.134161 0.423365
vt 0.116663 0.449553
vt 0.209323 0.454498
vt 0.203178 0.485388
vt 0.031250 0.500000
vt 0.031250 0.750000
vt 0.000000 0.750000
vt 0.000000 0.500000
vt 0.062500 0.500000
vt 0.062500 0.750000
vt 0.093750 0.500000
vt 0.093750 0.750000
vt 0.125000 0.500000
vt 0.125000 0.750000
vt 0.156250 0.500000
vt 0.156250 0.750000
vt 0.187500 0.500000
vt 0.187500 0.750000
vt 0.218750 0.500000
vt 0.218750 0.750000
vt 0.250000 0.500000
vt 0.250000 0.750000
vt 0.281250 0.500000
vt 0.281250 0.750000
vt 0.312500 0.500000
vt 0.312500 0.750000
vt 0.343750 0.500000
vt 0.343750 0.750000
vt 0.375000 0.500000
vt 0.375000 0.750000
vt 0.406250 0.500000
vt 0.406250 0.750000
vt 0.437500 0.500000
vt 0.437500 0.750000
vt 0.468750 0.500000
vt 0.468750 0.750000
vt 0.500000 0.500000
vt 0.500000 0.750000
vt 0.531250 0.500000
vt 0.531250 0.750000
vt 0.562500 0.500000
vt 0.562500 0.750000
vt 0.593750 0.500000
vt 0.593750 0.750000
vt 0.625000 0.500000
vt 0.625000 0.750000
vt 0.656250 0.500000
vt 0.656250 0.750000
vt 0.687500 0.500000
vt 0.687500 0.750000
vt 0.718750 0.500000
vt 0.718750 0.750000
vt 0.750000 0.500000
vt 0.750000 0.750000
vt 0.781250 0.500000
vt 0.781250 0.750000
vt 0.812500 0.500000
vt 0.812500 0.750000
vt 0.843750 0.500000
vt 0.843750 0.750000
vt 0.875000 0.500000
vt 0.875000 0.750000
vt 0.906250 0.500000
vt 0.906250 0.750000
vt 0.937500 0.500000
vt 0.937500 0.750000
vt 0.968750 0.500000
vt 0.968750 0.750000
vt 1.000000 0.500000
vt 1.000000 0.750000
vt 0.031250 0.875000
vt 0.000000 0.875000
vt 0.062500 0.875000
vt 0.093750 0.875000
vt 0.125000 0.875000
vt 0.156250 0.875000
vt 0.187500 0.875000
vt 0.218750 0.875000
vt 0.250000 0.875000
vt 0.281250 0.875000
vt 0.312500 0.875000
vt 0.343750 0.875000
vt 0.375000 0.875000
vt 0.406250 0.875000
vt 0.437500 0.875000
vt 0.468750 0.875000
vt 0.500000 0.875000
vt 0.531250 0.875000
vt 0.562500 0.875000
vt 0.593750 0.875000
vt 0.625000 0.875000
vt 0.656250 0.875000
vt 0.687500 0.875000
vt 0.718750 0.875000
vt 0.750000 0.875000
vt 0.781250 0.875000
vt 0.812500 0.875000
vt 0.843750 0.875000
vt 0.875000 0.875000
vt 0.906250 0.875000
vt 0.937500 0.875000
vt 0.968750 0.875000
vt 1.000000 0.875000
s 0
usemtl Damaged_Concrete
f 1009/1601/435 850/1602/435 849/1603/435 1010/1604/435
f 1010/1604/436 849/1603/436 851/1605/436 1011/1606/436
f 1011/1606/437 851/1605/437 852/1607/437 1012/1608/437
f 1012/1608/438 852/1607/438 853/1609/438 1013/1610/438
f 1013/1610/439 853/1609/439 854/1611/439 1014/1612/439
f 1014/1612/440 854/1611/440 855/1613/440 1015/1614/440
f 1015/1614/441 855/1613/441 856/1615/441 1016/1616/441
f 1016/1616/442 856/1615/442 857/1617/442 1017/1618/442
f 1017/1618/443 857/1617/443 858/1619/443 1018/1620/443
f 1018/1620/444 858/1619/444 859/1621/444 1019/1622/444
f 1019/1622/445 859/1621/445 860/1623/445 1020/1624/445
f 1020/1624/446 860/1623/446 861/1625/446 1021/1626/446
f 1021/1626/447 861/1625/447 862/1627/447 1022/1628/447
f 1022/1628/448 862/1627/448 863/1629/448 1023/1630/448
f 1023/1630/449 863/1629/449 864/1631/449 1024/1632/449
f 1024/1632/450 864/1631/450 865/1633/450 1025/1634/450
f 1025/1634/451 865/1633/451 866/1635/451 1026/1636/451
f 1026/1636/452 866/1635/452 867/1637/452 1027/1638/452
f 1027/1638/453 867/1637/453 868/1639/453 1028/1640/453
f 1028/1640/454 868/1639/454 869/1641/454 1029/1642/454
f 1029/1642/455 869/1641/455 870/1643/455 1030/1644/455
f 1030/1644/456 870/1643/456 871/1645/456 1031/1646/456
f 1031/1646/457 871/1645/457 872/1647/457 1032/1648/457
f 1032/1648/458 872/1647/458 873/1649/458 1033/1650/458
f 1033/1650/459 873/1649/459 874/1651/459 1034/1652/459
f 1034/1652/460 874/1651/460 875/1653/460 1035/1654/460
f 1035/1654/461 875/1653/461 876/1655/461 1036/1656/461
f 1036/1656/462 876/1655/462 877/1657/462 1037/1658/462
f 1037/1658/463 877/1657/463 878/1659/463 1038/1660/463
f 1038/1660/464 878/1659/464 879/1661/464 1039/1662/464
f 824/1663/437 822/1664/437 899/1664/437 900/1663/437
f 1039/1662/465 879/1661/465 880/1665/465 1040/1666/465
f 1040/1666/466 880/1665/466 850/1667/466 1009/1668/466
f 785/1669/467 787/1670/467 789/1671/467 791/1672/467 793/1673/467 795/1674/467 797/1675/467 799/1676/467 801/1677/467 803/1678/467 805/1679/467 807/1680/467 809/1681/467 811/1682/467 813/1683/467 815/1684/467 817/1685/467 819/1686/467 821/1687/467 823/1688/467 825/1689/467 827/1690/467 829/1691/467 831/1692/467 833/1693/467 835/1694/467 837/1695/467 839/1696/467 841/1697/467 843/1698/467 845/1699/467 847/1700/467
f 786/1701/468 788/1702/468 849/1703/468 850/1704/468
f 1063/1665/465 1062/1661/465 1048/1661/465 1047/1665/465
f 790/1705/468 792/1706/468 852/1707/468 851/1708/468
f 792/1706/468 794/1709/468 853/1710/468 852/1707/468
f 794/1709/468 796/1711/468 854/1712/468 853/1710/468
f 796/1711/468 798/1713/468 855/1714/468 854/1712/468
f 798/1713/468 800/1715/468 856/1716/468 855/1714/468
f 800/1715/468 802/1717/468 857/1718/468 856/1716/468
f 802/1717/468 804/1719/468 858/1720/468 857/1718/468
f 804/1719/468 806/1721/468 859/1722/468 858/1720/468
f 806/1721/468 808/1723/468 860/1724/468 859/1722/468
f 808/1723/468 810/1725/468 861/1726/468 860/1724/468
f 810/1725/468 812/1727/468 862/1728/468 861/1726/468
f 812/1727/468 814/1729/468 863/1730/468 862/1728/468
f 1062/1731/469 1061/1732/469 1056/1732/469 1048/1731/469
f 816/1733/468 818/1734/468 865/1735/468 864/1736/468
f 818/1734/468 820/1737/468 866/1738/468 865/1735/468
f 1043/1736/468 1051/1733/468 1077/1733/468 1078/1736/468
f 822/1664/468 824/1663/468 868/1739/468 867/1740/468
f 824/1663/468 826/1741/468 869/1742/468 868/1739/468
f 826/1741/468 828/1743/468 870/1744/468 869/1742/468
f 828/1743/468 830/1745/468 871/1746/468 870/1744/468
f 830/1745/468 832/1747/468 872/1748/468 871/1746/468
f 832/1747/468 834/1749/468 873/1750/468 872/1748/468
f 834/1749/468 836/1751/468 874/1752/468 873/1750/468
f 836/1751/468 838/1753/468 875/1754/468 874/1752/468
f 838/1753/468 840/1755/468 876/1756/468 875/1754/468
f 840/1755/468 842/1757/468 877/1758/468 876/1756/468
f 842/1757/468 844/1759/468 878/1760/468 877/1758/468
f 844/1759/468 846/1732/468 879/1731/468 878/1760/468
f 1070/1737/436 1069/1664/436 1053/1664/436 1054/1737/436
f 848/1761/468 786/1701/468 850/1704/468 880/1762/468
f 903/1745/440 902/1743/440 934/1743/440 935/1745/440
f 798/1713/456 796/1711/456 886/1711/456 887/1713/456
f 826/1741/438 824/1663/438 900/1663/438 901/1741/438
f 800/1715/457 798/1713/457 887/1713/457 888/1715/457
f 828/1743/439 826/1741/439 901/1741/439 902/1743/439
f 802/1717/458 800/1715/458 888/1715/458 889/1717/458
f 830/1745/440 828/1743/440 902/1743/440 903/1745/440
f 804/1719/459 802/1717/459 889/1717/459 890/1719/459
f 832/1747/470 830/1745/470 903/1745/470 904/1747/470
f 806/1721/460 804/1719/460 890/1719/460 891/1721/460
f 834/1749/442 832/1747/442 904/1747/442 905/1749/442
f 808/1723/461 806/1721/461 891/1721/461 892/1723/461
f 836/1751/443 834/1749/443 905/1749/443 906/1751/443
f 810/1725/462 808/1723/462 892/1723/462 893/1725/462
f 838/1753/471 836/1751/471 906/1751/471 907/1753/471
f 812/1727/463 810/1725/463 893/1725/463 894/1727/463
f 840/1755/445 838/1753/445 907/1753/445 908/1755/445
f 814/1729/464 812/1727/464 894/1727/464 895/1729/464
f 788/1702/451 786/1701/451 881/1701/451 882/1702/451
f 842/1757/446 840/1755/446 908/1755/446 909/1757/446
f 816/1733/465 814/1729/465 895/1729/465 896/1733/465
f 790/1705/452 788/1702/452 882/1702/452 883/1705/452
f 844/1759/447 842/1757/447 909/1757/447 910/1759/447
f 818/1734/466 816/1733/466 896/1733/466 897/1734/466
f 792/1706/453 790/1705/453 883/1705/453 884/1706/453
f 846/1732/448 844/1759/448 910/1759/448 911/1732/448
f 820/1737/435 818/1734/435 897/1734/435 898/1737/435
f 794/1709/454 792/1706/454 884/1706/454 885/1709/454
f 848/1761/449 846/1732/449 911/1732/449 912/1761/449
f 822/1664/436 820/1737/436 898/1737/436 899/1664/436
f 796/1711/455 794/1709/455 885/1709/455 886/1711/455
f 786/1701/450 848/1761/450 912/1761/450 881/1701/450
f 922/1719/443 921/1717/443 1105/1717/443 1106/1719/443
f 890/1719/459 889/1717/459 921/1717/459 922/1719/459
f 904/1747/441 903/1745/441 935/1745/441 936/1747/441
f 891/1721/460 890/1719/460 922/1719/460 923/1721/460
f 905/1749/442 904/1747/442 936/1747/442 937/1749/442
f 892/1723/461 891/1721/461 923/1721/461 924/1723/461
f 906/1751/443 905/1749/443 937/1749/443 938/1751/443
f 893/1725/462 892/1723/462 924/1723/462 925/1725/462
f 907/1753/444 906/1751/444 938/1751/444 939/1753/444
f 894/1727/463 893/1725/463 925/1725/463 926/1727/463
f 908/1755/445 907/1753/445 939/1753/445 940/1755/445
f 895/1729/464 894/1727/464 926/1727/464 927/1729/464
f 882/1702/451 881/1701/451 913/1701/451 914/1702/451
f 909/1757/446 908/1755/446 940/1755/446 941/1757/446
f 896/1733/465 895/1729/465 927/1729/465 928/1733/465
f 883/1705/452 882/1702/452 914/1702/452 915/1705/452
f 910/1759/447 909/1757/447 941/1757/447 942/1759/447
f 897/1734/466 896/1733/466 928/1733/466 929/1734/466
f 884/1706/453 883/1705/453 915/1705/453 916/1706/453
f 911/1732/448 910/1759/448 942/1759/448 943/1732/448
f 898/1737/435 897/1734/435 929/1734/435 930/1737/435
f 885/1709/454 884/1706/454 916/1706/454 917/1709/454
f 912/1761/449 911/1732/449 943/1732/449 944/1761/449
f 899/1664/436 898/1737/436 930/1737/436 931/1664/436
f 886/1711/455 885/1709/455 917/1709/455 918/1711/455
f 881/1701/450 912/1761/450 944/1761/450 913/1701/450
f 900/1663/437 899/1664/437 931/1664/437 932/1663/437
f 887/1713/456 886/1711/456 918/1711/456 919/1713/456
f 901/1741/438 900/1663/438 932/1663/438 933/1741/438
f 888/1715/457 887/1713/457 919/1713/457 920/1715/457
f 902/1743/439 901/1741/439 933/1741/439 934/1743/439
f 889/1717/458 888/1715/458 920/1715/458 921/1717/458
f 847/1763/466 976/1764/466 945/1765/466 785/1766/466
f 845/1767/465 975/1768/465 976/1764/465 847/1763/465
f 843/1769/464 974/1770/464 975/1768/464 845/1767/464
f 841/1771/463 973/1772/463 974/1770/463 843/1769/463
f 839/1773/462 972/1774/462 973/1772/462 841/1771/462
f 837/1775/461 971/1776/461 972/1774/461 839/1773/461
f 835/1777/460 970/1778/460 971/1776/460 837/1775/460
f 833/1779/459 969/1780/459 970/1778/459 835/1777/459
f 831/1781/458 968/1782/458 969/1780/458 833/1779/458
f 829/1783/457 967/1784/457 968/1782/457 831/1781/457
f 827/1785/456 966/1786/456 967/1784/456 829/1783/456
f 825/1787/455 965/1788/455 966/1786/455 827/1785/455
f 823/1789/454 964/1790/454 965/1788/454 825/1787/454
f 821/1791/453 963/1792/453 964/1790/453 823/1789/453
f 819/1793/452 962/1794/452 963/1792/452 821/1791/452
f 817/1795/451 961/1796/451 962/1794/451 819/1793/451
f 815/1797/450 960/1798/450 961/1796/450 817/1795/450
f 813/1799/449 959/1800/449 960/1798/449 815/1797/449
f 811/1801/448 958/1802/448 959/1800/448 813/1799/448
f 809/1803/447 957/1804/447 958/1802/447 811/1801/447
f 807/1805/446 956/1806/446 957/1804/446 809/1803/446
f 805/1807/445 955/1808/445 956/1806/445 807/1805/445
f 803/1809/444 954/1810/444 955/1808/444 805/1807/444
f 801/1811/443 953/1812/443 954/1810/443 803/1809/443
f 799/1813/442 952/1814/442 953/1812/442 801/1811/442
f 797/1815/441 951/1816/441 952/1814/441 799/1813/441
f 795/1817/440 950/1818/440 951/1816/440 797/1815/440
f 793/1819/439 949/1820/439 950/1818/439 795/1817/439
f 791/1821/438 948/1822/438 949/1820/438 793/1819/438
f 789/1823/437 947/1824/437 948/1822/437 791/1821/437
f 787/1825/436 946/1826/436 947/1824/436 789/1823/436
f 785/1827/435 945/1828/435 946/1826/435 787/1825/435
f 976/1764/466 1008/1829/466 977/1830/466 945/1765/466
f 975/1768/465 1007/1831/465 1008/1829/465 976/1764/465
f 974/1770/464 1006/1832/464 1007/1831/464 975/1768/464
f 973/1772/463 1005/1833/463 1006/1832/463 974/1770/463
f 972/1774/462 1004/1834/462 1005/1833/462 973/1772/462
f 971/1776/461 1003/1835/461 1004/1834/461 972/1774/461
f 970/1778/460 1002/1836/460 1003/1835/460 971/1776/460
f 969/1780/459 1001/1837/459 1002/1836/459 970/1778/459
f 968/1782/458 1000/1838/458 1001/1837/458 969/1780/458
f 967/1784/457 999/1839/457 1000/1838/457 968/1782/457
f 966/1786/456 998/1840/456 999/1839/456 967/1784/456
f 965/1788/455 997/1841/455 998/1840/455 966/1786/455
f 964/1790/454 996/1842/454 997/1841/454 965/1788/454
f 963/1792/453 995/1843/453 996/1842/453 964/1790/453
f 962/1794/452 994/1844/452 995/1843/452 963/1792/452
f 961/1796/451 993/1845/451 994/1844/451 962/1794/451
f 960/1798/450 992/1846/450 993/1845/450 961/1796/450
f 959/1800/449 991/1847/449 992/1846/449 960/1798/449
f 958/1802/448 990/1848/448 991/1847/448 959/1800/448
f 957/1804/447 989/1849/447 990/1848/447 958/1802/447
f 956/1806/446 988/1850/446 989/1849/446 957/1804/446
f 955/1808/445 987/1851/445 988/1850/445 956/1806/445
f 954/1810/444 986/1852/444 987/1851/444 955/1808/444
f 953/1812/443 985/1853/443 986/1852/443 954/1810/443
f 952/1814/442 984/1854/442 985/1853/442 953/1812/442
f 951/1816/441 983/1855/441 984/1854/441 952/1814/441
f 950/1818/440 982/1856/440 983/1855/440 951/1816/440
f 949/1820/439 981/1857/439 982/1856/439 950/1818/439
f 948/1822/438 980/1858/438 981/1857/438 949/1820/438
f 947/1824/437 979/1859/437 980/1858/437 948/1822/437
f 946/1826/436 978/1860/436 979/1859/436 947/1824/436
f 945/1828/435 977/1861/435 978/1860/435 946/1826/435
f 1008/1829/466 1040/1666/466 1009/1668/466 977/1830/466
f 1007/1831/465 1039/1662/465 1040/1666/465 1008/1829/465
f 1006/1832/464 1038/1660/464 1039/1662/464 1007/1831/464
f 1005/1833/463 1037/1658/463 1038/1660/463 1006/1832/463
f 1004/1834/462 1036/1656/462 1037/1658/462 1005/1833/462
f 1003/1835/461 1035/1654/461 1036/1656/461 1004/1834/461
f 1002/1836/460 1034/1652/460 1035/1654/460 1003/1835/460
f 1001/1837/459 1033/1650/459 1034/1652/459 1002/1836/459
f 1000/1838/458 1032/1648/458 1033/1650/458 1001/1837/458
f 999/1839/457 1031/1646/457 1032/1648/457 1000/1838/457
f 998/1840/456 1030/1644/456 1031/1646/456 999/1839/456
f 997/1841/455 1029/1642/455 1030/1644/455 998/1840/455
f 996/1842/454 1028/1640/454 1029/1642/454 997/1841/454
f 995/1843/453 1027/1638/453 1028/1640/453 996/1842/453
f 994/1844/452 1026/1636/452 1027/1638/452 995/1843/452
f 993/1845/451 1025/1634/451 1026/1636/451 994/1844/451
f 992/1846/450 1024/1632/450 1025/1634/450 993/1845/450
f 991/1847/449 1023/1630/449 1024/1632/449 992/1846/449
f 990/1848/448 1022/1628/448 1023/1630/448 991/1847/448
f 989/1849/447 1021/1626/447 1022/1628/447 990/1848/447
f 988/1850/446 1020/1624/446 1021/1626/446 989/1849/446
f 987/1851/445 1019/1622/445 1020/1624/445 988/1850/445
f 986/1852/444 1018/1620/444 1019/1622/444 987/1851/444
f 985/1853/443 1017/1618/443 1018/1620/443 986/1852/443
f 984/1854/442 1016/1616/442 1017/1618/442 985/1853/442
f 983/1855/441 1015/1614/441 1016/1616/441 984/1854/441
f 982/1856/440 1014/1612/440 1015/1614/440 983/1855/440
f 981/1857/439 1013/1610/439 1014/1612/439 982/1856/439
f 980/1858/438 1012/1608/438 1013/1610/438 981/1857/438
f 979/1859/437 1011/1606/437 1012/1608/437 980/1858/437
f 978/1860/436 1010/1604/436 1011/1606/436 979/1859/436
f 977/1861/435 1009/1601/435 1010/1604/435 978/1860/435
f 1050/1702/468 1049/1705/468 1041/1708/468 1042/1703/468
f 1052/1729/468 1051/1733/468 1043/1736/468 1044/1730/468
f 1054/1737/468 1053/1664/468 1045/1740/468 1046/1738/468
f 1056/1732/468 1055/1761/468 1047/1762/468 1048/1731/468
f 1050/1702/468 1042/1703/468 1094/1703/468 1093/1702/468
f 1047/1762/468 1055/1761/468 1089/1761/468 1090/1762/468
f 1060/1705/472 1059/1708/472 1041/1708/472 1049/1705/472
f 1070/1737/473 1054/1737/473 1073/1737/473 1075/1737/473
f 1059/1605/436 1058/1603/436 1042/1603/436 1041/1605/436
f 1069/1664/474 1072/1740/474 1045/1740/474 1053/1664/474
f 1067/1729/465 1066/1733/465 1051/1733/465 1052/1729/465
f 1065/1631/449 1068/1629/449 1044/1629/449 1043/1631/449
f 1061/1732/449 1064/1761/449 1055/1761/449 1056/1732/449
f 1057/1702/452 1060/1705/452 1049/1705/452 1050/1702/452
f 1072/1637/452 1071/1635/452 1046/1635/452 1045/1637/452
f 1068/1730/475 1067/1729/475 1052/1729/475 1044/1730/475
f 788/1702/452 790/1705/452 1060/1705/452 1057/1702/452
f 851/1605/436 849/1603/436 1058/1603/436 1059/1605/436
f 790/1705/472 851/1708/472 1059/1708/472 1060/1705/472
f 849/1703/476 788/1702/476 1057/1702/476 1058/1703/476
f 846/1732/449 848/1761/449 1064/1761/449 1061/1732/449
f 848/1761/477 880/1762/477 1063/1762/477 1064/1761/477
f 879/1731/469 846/1732/469 1061/1732/469 1062/1731/469
f 880/1665/465 879/1661/465 1062/1661/465 1063/1665/465
f 863/1730/475 814/1729/475 1067/1729/475 1068/1730/475
f 864/1631/449 863/1629/449 1068/1629/449 1065/1631/449
f 814/1729/465 816/1733/465 1066/1733/465 1067/1729/465
f 816/1733/478 864/1736/478 1065/1736/478 1066/1733/478
f 867/1637/452 866/1635/452 1071/1635/452 1072/1637/452
f 822/1664/474 867/1740/474 1072/1740/474 1069/1664/474
f 866/1738/479 820/1737/479 1070/1737/479 1071/1738/479
f 820/1737/436 822/1664/436 1069/1664/436 1070/1737/436
f 1074/1635/480 1076/1635/480 1088/1635/480 1086/1635/480
f 1071/1738/467 1070/1737/467 1075/1737/467 1076/1738/467
f 1046/1635/480 1071/1635/480 1076/1635/480 1074/1635/480
f 1054/1737/468 1046/1738/468 1074/1738/468 1073/1737/468
f 1077/1733/481 1080/1733/481 1084/1733/481 1081/1733/481
f 1066/1733/467 1065/1736/467 1079/1736/467 1080/1733/467
f 1065/1631/482 1043/1631/482 1078/1631/482 1079/1631/482
f 1051/1733/481 1066/1733/481 1080/1733/481 1077/1733/481
f 1084/1733/478 1083/1736/478 1082/1736/478 1081/1733/478
f 1078/1736/468 1077/1733/468 1081/1733/468 1082/1736/468
f 1080/1733/467 1079/1736/467 1083/1736/467 1084/1733/467
f 1079/1631/482 1078/1631/482 1082/1631/482 1083/1631/482
f 1088/1738/479 1087/1737/479 1085/1737/479 1086/1738/479
f 1073/1737/468 1074/1738/468 1086/1738/468 1085/1737/468
f 1076/1738/467 1075/1737/467 1087/1737/467 1088/1738/467
f 1075/1737/473 1073/1737/473 1085/1737/473 1087/1737/473
f 1092/1761/477 1091/1762/477 1090/1762/477 1089/1761/477
f 1063/1665/481 1047/1665/481 1090/1665/481 1091/1665/481
f 1064/1761/467 1063/1762/467 1091/1762/467 1092/1761/467
f 1055/1761/482 1064/1761/482 1092/1761/482 1089/1761/482
f 1096/1703/476 1095/1702/476 1093/1702/476 1094/1703/476
f 1058/1703/467 1057/1702/467 1095/1702/467 1096/1703/467
f 1042/1603/473 1058/1603/473 1096/1603/473 1094/1603/473
f 1057/1702/480 1050/1702/480 1093/1702/480 1095/1702/480
f 1097/1702/468 1098/1701/468 1128/1761/468 1127/1732/468 1126/1759/468 1125/1757/468 1124/1755/468 1123/1753/468 1122/1751/468 1121/1749/468 1120/1747/468 1119/1745/468 1118/1743/468 1117/1741/468 1116/1663/468 1115/1664/468 1114/1737/468 1113/1734/468 1112/1733/468 1111/1729/468 1110/1727/468 1109/1725/468 1108/1723/468 1107/1721/468 1106/1719/468 1105/1717/468 1104/1715/468 1103/1713/468 1102/1711/468 1101/1709/468 1100/1706/468 1099/1705/468
f 936/1747/457 935/1745/457 1119/1745/457 1120/1747/457
f 923/1721/444 922/1719/444 1106/1719/444 1107/1721/444
f 937/1749/458 936/1747/458 1120/1747/458 1121/1749/458
f 924/1723/445 923/1721/445 1107/1721/445 1108/1723/445
f 938/1751/459 937/1749/459 1121/1749/459 1122/1751/459
f 925/1725/446 924/1723/446 1108/1723/446 1109/1725/446
f 939/1753/460 938/1751/460 1122/1751/460 1123/1753/460
f 926/1727/447 925/1725/447 1109/1725/447 1110/1727/447
f 940/1755/461 939/1753/461 1123/1753/461 1124/1755/461
f 927/1729/448 926/1727/448 1110/1727/448 1111/1729/448
f 914/1702/435 913/1701/435 1098/1701/435 1097/1702/435
f 941/1757/462 940/1755/462 1124/1755/462 1125/1757/462
f 928/1733/449 927/1729/449 1111/1729/449 1112/1733/449
f 915/1705/436 914/1702/436 1097/1702/436 1099/1705/436
f 942/1759/463 941/1757/463 1125/1757/463 1126/1759/463
f 929/1734/450 928/1733/450 1112/1733/450 1113/1734/450
f 916/1706/437 915/1705/437 1099/1705/437 1100/1706/437
f 943/1732/464 942/1759/464 1126/1759/464 1127/1732/464
f 930/1737/451 929/1734/451 1113/1734/451 1114/1737/451
f 917/1709/438 916/1706/438 1100/1706/438 1101/1709/438
f 944/1761/465 943/1732/465 1127/1732/465 1128/1761/465
f 931/1664/452 930/1737/452 1114/1737/452 1115/1664/452
f 918/1711/439 917/1709/439 1101/1709/439 1102/1711/439
f 913/1701/466 944/1761/466 1128/1761/466 1098/1701/466
f 932/1663/453 931/1664/453 1115/1664/453 1116/1663/453
f 919/1713/440 918/1711/440 1102/1711/440 1103/1713/440
f 933/1741/454 932/1663/454 1116/1663/454 1117/1741/454
f 920/1715/441 919/1713/441 1103/1713/441 1104/1715/441
f 934/1743/455 933/1741/455 1117/1741/455 1118/1743/455
f 921/1717/442 920/1715/442 1104/1715/442 1105/1717/442
f 935/1745/456 934/1743/456 1118/1743/456 1119/1745/456
